id,found_id,required_sum,current_sum,closedFoundrisingAmount,philantrops_amount,creation_date,closing_date
1,143,$381160.95,$48324.17,68,52,5/21/2021,5/20/2022
2,73,$498036.22,$27339.95,5,30,6/5/2021,6/25/2022
3,910,$164829.12,$48223.89,48,59,2/11/2021,1/4/2022
4,176,$100033.09,$42252.66,28,11,1/2/2021,1/15/2022
5,31,$391343.24,$23429.40,31,7,4/28/2021,2/11/2022
6,424,$404910.14,$112.57,37,31,5/9/2021,2/14/2022
7,339,$125690.76,$42153.80,70,5,2/21/2021,11/23/2021
8,367,$176492.09,$49812.68,14,13,3/6/2021,7/30/2022
9,244,$237866.31,$24019.39,77,17,5/20/2021,3/31/2022
10,535,$160134.92,$23757.47,43,18,1/20/2021,1/14/2022
11,622,$496905.72,$29779.21,12,39,1/25/2021,4/13/2022
12,810,$139247.30,$37706.31,99,41,4/19/2021,2/3/2022
13,245,$370404.78,$19334.18,58,23,7/28/2021,11/23/2021
14,772,$470872.77,$45901.77,27,34,6/1/2021,8/19/2021
15,359,$302251.34,$30087.25,17,44,4/22/2021,10/15/2021
16,633,$380143.93,$45888.95,89,18,5/24/2021,1/18/2022
17,682,$339972.02,$14402.66,85,13,1/29/2021,3/21/2022
18,397,$241886.37,$46681.36,10,58,4/3/2021,7/27/2022
19,300,$169155.98,$43760.54,80,42,6/20/2021,2/17/2022
20,811,$93444.60,$44505.17,37,15,7/25/2021,1/9/2022
21,352,$460478.61,$19044.91,16,25,7/20/2021,4/12/2022
22,691,$395755.35,$13700.42,20,27,3/9/2021,8/10/2021
23,730,$468657.95,$33399.05,25,37,4/15/2021,10/17/2021
24,957,$364706.10,$7332.93,7,8,5/6/2021,6/30/2022
25,133,$151773.88,$48093.80,40,7,4/29/2021,12/6/2021
26,410,$121294.29,$45428.57,8,38,1/28/2021,10/12/2021
27,56,$488239.73,$38901.50,57,55,3/17/2021,7/4/2022
28,860,$444210.72,$30302.59,48,52,3/25/2021,7/19/2022
29,4,$475859.57,$1299.33,58,6,4/19/2021,8/18/2021
30,253,$273275.71,$23911.35,36,60,2/9/2021,6/18/2022
31,43,$462466.88,$25069.91,82,27,3/1/2021,5/20/2022
32,804,$384137.69,$16547.57,5,45,2/19/2021,12/21/2021
33,360,$133997.29,$35561.23,92,21,6/25/2021,1/8/2022
34,580,$416206.00,$17844.18,32,34,7/9/2021,12/14/2021
35,702,$93847.15,$42196.56,63,39,1/14/2021,5/9/2022
36,982,$446545.38,$29404.46,80,16,4/21/2021,6/25/2022
37,36,$108053.15,$3084.19,8,14,6/2/2021,3/6/2022
38,543,$478244.57,$15027.74,52,22,6/18/2021,1/29/2022
39,843,$110602.87,$12254.13,27,50,5/30/2021,1/23/2022
40,803,$117445.26,$45566.41,87,37,5/16/2021,2/6/2022
41,558,$159522.48,$14720.05,23,38,6/13/2021,1/2/2022
42,382,$355831.03,$18036.01,43,48,6/13/2021,8/27/2021
43,247,$211964.37,$35811.06,43,46,3/20/2021,11/15/2021
44,614,$426218.86,$39771.70,80,23,1/28/2021,7/20/2022
45,705,$342559.64,$33558.43,31,7,3/26/2021,4/6/2022
46,779,$438960.09,$47915.73,80,55,5/2/2021,12/13/2021
47,139,$99826.85,$33649.21,82,47,3/17/2021,12/31/2021
48,989,$125064.13,$42199.26,18,60,6/22/2021,5/27/2022
49,291,$87238.56,$43235.06,35,56,6/4/2021,10/3/2021
50,109,$329541.49,$14478.03,11,10,4/3/2021,3/27/2022
51,530,$329142.42,$34025.78,17,35,7/25/2021,2/24/2022
52,236,$244450.95,$25858.07,42,49,3/30/2021,9/30/2021
53,716,$128198.97,$516.80,49,61,4/23/2021,10/17/2021
54,134,$217836.60,$8209.20,11,20,7/13/2021,2/22/2022
55,241,$51442.89,$39630.31,24,61,1/6/2021,1/9/2022
56,393,$124262.58,$305.24,47,42,6/26/2021,2/8/2022
57,295,$266464.59,$5030.41,49,57,7/19/2021,8/30/2021
58,937,$195883.11,$38602.20,79,42,3/26/2021,1/13/2022
59,248,$62966.85,$41701.61,67,49,1/9/2021,5/6/2022
60,393,$301331.91,$8608.10,75,27,2/4/2021,3/11/2022
61,225,$424055.08,$48214.86,63,26,6/10/2021,8/18/2021
62,358,$358544.34,$46572.82,51,32,7/19/2021,2/28/2022
63,439,$58830.91,$19530.50,98,7,5/5/2021,4/22/2022
64,732,$276336.60,$37479.77,9,38,7/25/2021,6/29/2022
65,50,$462296.23,$20228.51,68,55,7/11/2021,10/26/2021
66,587,$454127.44,$5641.22,8,58,4/18/2021,1/3/2022
67,309,$118661.48,$43078.42,89,13,2/25/2021,1/15/2022
68,527,$373078.34,$39487.28,44,50,4/29/2021,3/8/2022
69,667,$417311.69,$14070.25,87,50,7/18/2021,5/21/2022
70,715,$63219.47,$22135.13,83,20,7/12/2021,4/29/2022
71,626,$488931.27,$34597.59,31,35,4/15/2021,11/13/2021
72,287,$355229.25,$48369.41,37,5,5/31/2021,10/15/2021
73,197,$197034.65,$24342.32,23,8,2/11/2021,9/24/2021
74,669,$439355.64,$47275.31,76,22,4/24/2021,3/18/2022
75,16,$469689.43,$31646.23,59,59,7/19/2021,12/13/2021
76,621,$354032.43,$9653.14,91,23,5/24/2021,11/5/2021
77,830,$392297.08,$30142.06,88,50,3/4/2021,1/12/2022
78,652,$77605.02,$14312.40,4,7,6/10/2021,5/20/2022
79,209,$403460.26,$29221.19,65,52,5/18/2021,4/16/2022
80,810,$319534.92,$10993.76,49,11,4/14/2021,11/27/2021
81,375,$99195.14,$46708.32,82,29,6/25/2021,4/26/2022
82,338,$178731.85,$18599.94,52,5,1/8/2021,3/22/2022
83,211,$147661.13,$16420.57,23,48,7/29/2021,3/20/2022
84,62,$303218.00,$2782.55,38,50,5/4/2021,11/9/2021
85,707,$461703.30,$38110.05,80,52,2/26/2021,12/7/2021
86,471,$467501.74,$18716.11,86,62,3/12/2021,12/5/2021
87,613,$498885.69,$10304.38,49,28,3/13/2021,4/5/2022
88,635,$420331.27,$31357.67,25,15,3/12/2021,4/29/2022
89,456,$313116.79,$36209.13,71,38,5/20/2021,3/4/2022
90,529,$245057.65,$41811.83,7,53,1/18/2021,6/28/2022
91,730,$108994.99,$8859.64,12,62,5/2/2021,1/20/2022
92,893,$115006.94,$10520.26,46,51,5/21/2021,6/15/2022
93,91,$199929.18,$40078.33,25,56,2/11/2021,3/18/2022
94,980,$111081.34,$24082.83,44,35,1/3/2021,5/6/2022
95,457,$270807.34,$5807.76,17,33,4/10/2021,9/7/2021
96,63,$263857.79,$22385.84,38,44,6/1/2021,3/25/2022
97,755,$128428.99,$9341.08,1,11,5/16/2021,2/14/2022
98,412,$51845.53,$6802.42,31,37,7/31/2021,2/12/2022
99,964,$75389.16,$44892.21,25,14,5/11/2021,9/29/2021
100,250,$315183.49,$23395.64,5,10,2/25/2021,6/7/2022
101,307,$85663.87,$720.22,67,10,6/20/2021,6/19/2022
102,202,$399635.65,$26180.54,61,24,7/25/2021,7/22/2022
103,826,$84998.34,$13933.53,13,16,7/13/2021,8/18/2021
104,745,$215368.49,$47088.91,20,53,2/14/2021,10/23/2021
105,514,$76001.17,$24882.04,70,6,6/19/2021,4/17/2022
106,692,$372665.87,$43832.92,23,12,1/7/2021,3/28/2022
107,381,$420850.10,$7336.40,20,52,4/26/2021,4/30/2022
108,282,$93924.43,$13015.16,36,58,5/1/2021,5/29/2022
109,724,$70114.13,$41104.88,9,48,5/29/2021,9/15/2021
110,965,$253300.93,$11924.13,13,61,3/19/2021,11/20/2021
111,458,$406012.36,$20941.50,72,60,3/23/2021,2/26/2022
112,203,$281388.09,$14634.58,82,62,7/2/2021,8/11/2021
113,256,$130114.97,$32263.14,4,39,6/24/2021,6/12/2022
114,454,$327148.66,$15104.80,78,12,4/23/2021,5/11/2022
115,706,$87795.61,$48495.60,79,43,4/2/2021,1/11/2022
116,395,$336175.21,$49489.57,10,10,7/9/2021,10/7/2021
117,632,$452423.26,$6983.31,72,7,2/7/2021,6/16/2022
118,516,$335167.99,$20466.61,96,11,1/9/2021,5/14/2022
119,159,$451631.25,$16168.25,77,31,1/20/2021,9/21/2021
120,953,$312718.00,$19431.28,59,20,3/19/2021,5/13/2022
121,83,$91964.76,$9546.45,8,45,1/3/2021,2/2/2022
122,295,$63280.05,$25825.27,4,41,3/7/2021,11/20/2021
123,701,$287733.72,$23074.46,14,12,4/18/2021,11/20/2021
124,814,$212735.33,$40823.91,16,36,6/10/2021,9/24/2021
125,107,$116436.10,$1652.43,65,32,6/10/2021,5/6/2022
126,99,$471017.25,$25260.87,78,29,6/25/2021,5/20/2022
127,764,$295646.70,$48991.50,39,53,3/13/2021,9/8/2021
128,45,$276317.69,$35370.42,84,45,5/12/2021,2/28/2022
129,143,$432420.01,$8549.55,95,51,3/1/2021,1/31/2022
130,708,$326062.50,$16623.00,37,29,1/2/2021,3/23/2022
131,84,$357098.87,$20796.35,25,42,7/1/2021,1/9/2022
132,497,$394772.77,$20476.10,33,17,2/15/2021,12/12/2021
133,880,$376459.63,$3040.24,65,35,4/18/2021,8/31/2021
134,959,$290441.84,$39372.06,47,55,6/13/2021,2/12/2022
135,354,$409574.11,$27340.33,1,35,4/17/2021,8/28/2021
136,287,$488526.99,$35006.81,97,7,1/15/2021,5/12/2022
137,630,$324838.34,$12384.84,28,56,7/27/2021,1/10/2022
138,98,$413723.01,$2400.81,58,42,7/26/2021,7/27/2022
139,326,$481510.00,$44377.29,87,29,4/14/2021,11/23/2021
140,258,$57542.87,$23422.12,46,17,3/5/2021,10/29/2021
141,682,$422503.90,$64.05,6,37,4/22/2021,6/28/2022
142,43,$218032.55,$1062.72,41,22,7/26/2021,4/25/2022
143,319,$64298.26,$23686.94,25,53,6/29/2021,11/9/2021
144,671,$85804.15,$9131.55,10,12,7/24/2021,4/26/2022
145,881,$465452.46,$21033.16,68,13,5/15/2021,12/17/2021
146,436,$203703.37,$15079.41,91,54,7/11/2021,1/22/2022
147,719,$406799.20,$38623.84,26,54,7/5/2021,5/25/2022
148,458,$477009.29,$34218.26,15,50,2/10/2021,9/12/2021
149,613,$111180.82,$32251.25,85,51,2/15/2021,2/14/2022
150,678,$167406.66,$5013.81,32,34,6/9/2021,8/2/2022
151,369,$88545.20,$34568.64,19,12,4/27/2021,3/11/2022
152,759,$178698.99,$38130.53,72,34,4/19/2021,5/25/2022
153,298,$198550.61,$48166.38,9,14,7/14/2021,7/3/2022
154,553,$212428.73,$30424.64,59,20,1/28/2021,1/11/2022
155,857,$453381.26,$12728.24,39,21,6/9/2021,5/4/2022
156,477,$472731.23,$41348.77,78,13,5/8/2021,6/7/2022
157,312,$386825.87,$3538.47,13,59,2/8/2021,10/12/2021
158,177,$146200.36,$37509.42,43,32,8/3/2021,9/12/2021
159,517,$256115.21,$34946.41,72,39,4/18/2021,11/28/2021
160,261,$181547.19,$17891.04,6,58,3/18/2021,7/4/2022
161,734,$56193.66,$20257.63,16,10,1/24/2021,5/8/2022
162,133,$433525.85,$42201.12,48,55,5/11/2021,10/10/2021
163,918,$99868.17,$18636.58,61,5,2/3/2021,4/19/2022
164,403,$444995.85,$31527.80,52,47,6/9/2021,4/1/2022
165,900,$249468.77,$27530.18,60,60,6/21/2021,4/29/2022
166,546,$359220.60,$39701.49,63,34,2/17/2021,8/9/2021
167,478,$457650.84,$43640.72,8,16,6/25/2021,11/12/2021
168,259,$103583.56,$554.29,24,57,6/21/2021,7/29/2022
169,912,$254624.14,$937.35,25,26,1/10/2021,5/7/2022
170,604,$318759.85,$7813.48,52,10,5/27/2021,7/3/2022
171,20,$305034.91,$18502.09,59,51,4/25/2021,8/28/2021
172,220,$119135.97,$47949.24,80,36,3/23/2021,8/23/2021
173,239,$470706.13,$32228.40,69,30,7/26/2021,2/19/2022
174,119,$114208.10,$16291.32,56,32,4/30/2021,11/17/2021
175,16,$291640.34,$997.93,33,39,6/11/2021,4/7/2022
176,406,$475093.22,$44438.78,66,43,3/20/2021,5/11/2022
177,41,$479893.19,$25370.23,38,31,8/5/2021,1/15/2022
178,882,$295454.24,$22889.59,22,45,6/4/2021,10/1/2021
179,70,$334547.23,$24342.30,4,37,3/9/2021,11/29/2021
180,469,$311007.82,$1267.62,34,51,3/13/2021,9/23/2021
181,908,$310004.80,$27000.82,41,56,7/27/2021,3/7/2022
182,858,$456007.98,$7656.44,37,44,6/28/2021,6/14/2022
183,246,$463939.32,$26933.62,69,40,4/3/2021,6/6/2022
184,815,$395476.15,$46908.30,24,43,4/10/2021,1/13/2022
185,990,$59132.90,$24331.40,30,32,7/9/2021,8/3/2022
186,573,$314833.10,$2951.29,61,56,7/20/2021,4/29/2022
187,810,$109934.63,$17675.82,31,58,3/13/2021,7/20/2022
188,36,$80561.87,$14205.46,43,62,3/16/2021,7/8/2022
189,64,$456997.27,$5165.51,63,52,3/28/2021,5/14/2022
190,346,$386704.31,$1273.17,53,24,7/18/2021,10/5/2021
191,286,$404467.88,$36716.58,47,36,6/25/2021,8/2/2022
192,826,$450490.38,$28520.41,71,32,2/2/2021,8/20/2021
193,640,$68697.44,$17688.97,45,30,2/15/2021,7/15/2022
194,132,$307177.21,$10162.79,96,56,1/2/2021,6/1/2022
195,94,$460348.47,$33213.80,75,49,5/18/2021,8/7/2021
196,373,$487401.43,$9559.69,97,31,6/27/2021,11/13/2021
197,602,$204014.22,$28449.32,50,26,5/6/2021,12/9/2021
198,929,$375188.53,$11621.57,80,13,8/3/2021,10/12/2021
199,417,$127877.18,$8871.69,27,37,4/6/2021,7/22/2022
200,580,$448725.38,$9234.89,81,51,1/16/2021,12/26/2021
201,924,$308513.30,$29967.39,24,56,4/23/2021,7/29/2022
202,64,$409980.00,$12494.19,59,46,3/12/2021,9/21/2021
203,210,$497983.26,$18417.06,51,6,6/18/2021,2/22/2022
204,97,$149604.30,$33683.30,60,19,5/29/2021,1/7/2022
205,966,$107338.86,$14079.19,92,35,7/4/2021,1/27/2022
206,433,$357986.02,$46257.55,0,29,7/23/2021,6/19/2022
207,816,$307996.57,$45027.20,44,55,5/2/2021,10/4/2021
208,9,$362981.44,$29726.08,18,47,5/14/2021,1/21/2022
209,977,$245501.90,$32251.52,26,36,1/28/2021,8/1/2022
210,430,$194158.92,$42620.77,24,34,1/24/2021,8/11/2021
211,63,$496175.90,$45401.58,42,53,1/30/2021,12/24/2021
212,517,$149350.02,$29522.66,20,30,3/15/2021,4/27/2022
213,939,$370336.62,$10275.37,83,7,4/10/2021,12/12/2021
214,198,$243740.10,$30676.07,52,45,1/26/2021,5/2/2022
215,691,$317086.46,$6404.10,48,49,7/20/2021,6/20/2022
216,998,$279240.60,$3750.19,57,52,3/23/2021,1/15/2022
217,954,$92843.63,$44061.74,86,47,5/14/2021,12/28/2021
218,255,$417427.34,$42750.23,81,7,1/27/2021,11/9/2021
219,357,$324957.01,$47390.68,64,31,6/19/2021,1/23/2022
220,449,$213449.71,$44989.61,8,43,5/17/2021,6/30/2022
221,177,$125468.06,$265.85,10,17,4/27/2021,5/16/2022
222,781,$417824.68,$29633.50,75,62,7/2/2021,9/26/2021
223,122,$253152.32,$37695.71,94,9,7/23/2021,12/15/2021
224,297,$97828.17,$49080.05,40,30,6/2/2021,1/21/2022
225,375,$54433.14,$28234.19,13,12,3/27/2021,1/22/2022
226,925,$497551.08,$34125.08,11,31,1/15/2021,3/8/2022
227,4,$399652.35,$48636.54,75,29,6/22/2021,4/29/2022
228,726,$283721.45,$7990.16,47,11,1/26/2021,9/15/2021
229,610,$405645.28,$15873.80,79,62,1/4/2021,1/15/2022
230,293,$264528.01,$636.03,45,45,1/18/2021,3/2/2022
231,46,$458212.62,$26434.86,75,24,3/9/2021,10/7/2021
232,957,$185434.47,$28768.18,17,40,2/6/2021,6/3/2022
233,345,$96663.88,$6108.59,93,30,1/4/2021,9/14/2021
234,12,$451682.01,$23668.13,13,57,7/16/2021,1/31/2022
235,973,$289275.91,$29754.05,59,52,2/24/2021,8/16/2021
236,253,$499918.05,$30228.99,16,28,2/8/2021,10/13/2021
237,787,$58583.31,$35112.07,20,59,1/23/2021,1/25/2022
238,110,$463883.26,$21183.79,93,6,4/15/2021,4/29/2022
239,268,$132107.97,$31008.32,51,48,5/18/2021,3/24/2022
240,990,$116761.22,$14305.00,19,14,3/29/2021,1/21/2022
241,237,$375776.21,$7296.36,27,7,1/1/2021,7/8/2022
242,19,$481423.13,$2871.51,13,8,2/24/2021,10/22/2021
243,172,$195953.39,$36899.73,61,30,7/14/2021,9/15/2021
244,417,$427531.72,$31141.47,54,19,2/28/2021,1/24/2022
245,27,$267729.95,$44646.69,59,34,6/23/2021,4/5/2022
246,293,$281205.28,$32370.43,88,48,7/19/2021,10/19/2021
247,646,$471131.97,$22146.83,57,35,3/7/2021,3/21/2022
248,376,$118790.80,$2630.03,29,30,5/28/2021,3/3/2022
249,304,$228584.33,$40119.81,77,30,1/22/2021,10/8/2021
250,538,$455676.81,$43760.97,95,11,1/26/2021,1/3/2022
251,698,$458143.44,$6870.13,80,31,6/26/2021,5/24/2022
252,263,$455743.08,$40975.48,100,29,7/3/2021,5/24/2022
253,748,$305656.27,$37012.12,91,52,3/10/2021,7/23/2022
254,343,$372273.13,$34263.30,14,30,7/30/2021,7/29/2022
255,684,$439527.29,$23105.29,44,54,4/8/2021,1/16/2022
256,336,$207495.45,$21226.59,46,9,1/30/2021,10/28/2021
257,875,$91445.84,$20220.53,7,31,1/31/2021,10/12/2021
258,94,$125350.49,$44536.47,10,23,5/26/2021,12/9/2021
259,433,$471165.36,$13113.87,21,20,2/26/2021,8/22/2021
260,247,$81471.26,$1996.20,60,57,4/11/2021,3/18/2022
261,648,$227296.65,$27386.87,21,52,1/14/2021,6/19/2022
262,130,$433486.12,$45656.93,95,42,6/25/2021,3/28/2022
263,826,$231731.53,$19221.25,30,57,6/7/2021,10/2/2021
264,353,$134363.74,$36888.16,10,8,4/14/2021,11/29/2021
265,104,$102638.36,$39596.69,16,41,3/8/2021,3/24/2022
266,332,$352414.37,$3440.78,2,36,6/7/2021,2/5/2022
267,227,$105153.68,$41257.16,44,57,3/12/2021,5/24/2022
268,173,$331840.59,$26569.36,76,32,7/11/2021,9/25/2021
269,713,$329207.39,$42936.99,74,20,5/24/2021,10/29/2021
270,8,$128198.52,$49628.03,85,24,5/4/2021,4/14/2022
271,281,$173196.04,$40777.75,39,24,2/5/2021,12/23/2021
272,291,$482088.12,$49578.96,77,59,5/27/2021,4/3/2022
273,424,$392833.54,$10028.92,24,19,3/15/2021,6/20/2022
274,149,$312969.54,$12862.59,94,58,6/30/2021,3/4/2022
275,293,$428808.41,$36722.56,51,58,6/15/2021,10/28/2021
276,273,$192851.68,$37733.11,48,39,4/25/2021,4/10/2022
277,146,$242623.18,$43089.65,10,22,7/5/2021,1/14/2022
278,885,$404816.69,$45500.82,72,50,5/14/2021,4/11/2022
279,393,$440634.10,$41898.61,49,9,6/16/2021,9/12/2021
280,205,$85841.09,$11812.05,39,25,1/31/2021,7/1/2022
281,464,$142443.68,$23924.42,98,11,3/16/2021,12/16/2021
282,272,$317978.93,$6582.17,18,59,3/5/2021,1/31/2022
283,806,$272136.60,$24448.36,48,22,5/30/2021,5/21/2022
284,344,$416058.16,$49881.50,32,49,5/21/2021,5/1/2022
285,551,$206642.96,$28300.47,14,21,2/23/2021,3/26/2022
286,474,$145149.01,$40615.47,83,57,4/22/2021,9/29/2021
287,95,$168101.62,$41033.39,92,33,3/13/2021,12/13/2021
288,898,$322294.45,$26267.84,35,52,2/28/2021,6/16/2022
289,807,$462437.87,$20191.00,55,37,6/1/2021,4/24/2022
290,423,$358728.09,$12635.66,77,41,3/17/2021,11/13/2021
291,344,$386893.07,$31735.41,77,26,5/13/2021,8/13/2021
292,952,$368352.26,$23651.06,7,57,4/21/2021,2/13/2022
293,91,$445938.48,$36471.05,15,9,3/20/2021,2/21/2022
294,79,$442899.77,$8688.99,40,60,6/25/2021,3/7/2022
295,569,$57589.30,$421.17,65,32,5/21/2021,3/9/2022
296,628,$173112.44,$3872.85,52,33,2/18/2021,9/30/2021
297,788,$427776.54,$14349.92,59,31,6/10/2021,8/13/2021
298,410,$148010.72,$19654.92,75,31,1/29/2021,8/21/2021
299,121,$255717.23,$18199.16,35,31,5/31/2021,2/17/2022
300,936,$452220.18,$38675.57,53,26,5/7/2021,6/28/2022
301,389,$475851.94,$33662.11,43,45,5/25/2021,4/3/2022
302,129,$201248.31,$30006.29,24,52,5/2/2021,4/14/2022
303,296,$266326.15,$43901.37,3,48,3/16/2021,9/22/2021
304,599,$149336.01,$38314.35,100,19,5/18/2021,2/15/2022
305,187,$333964.63,$23546.67,27,15,2/15/2021,12/17/2021
306,757,$101878.11,$35842.05,92,15,1/15/2021,3/6/2022
307,199,$228908.02,$44302.98,18,14,8/2/2021,3/31/2022
308,311,$66158.42,$29591.03,67,19,1/1/2021,2/6/2022
309,516,$236991.91,$30036.31,16,25,4/18/2021,12/3/2021
310,891,$370281.19,$34277.53,62,48,4/25/2021,5/10/2022
311,332,$342835.82,$11283.42,42,54,3/11/2021,8/22/2021
312,262,$115553.12,$30070.07,94,6,4/23/2021,12/20/2021
313,272,$388801.80,$32467.59,87,49,1/30/2021,12/5/2021
314,395,$189574.13,$33211.32,70,61,5/18/2021,9/24/2021
315,141,$338893.78,$27966.15,45,54,6/15/2021,3/15/2022
316,49,$293310.60,$46517.26,39,24,6/23/2021,7/12/2022
317,279,$407548.10,$39683.34,9,36,7/4/2021,8/18/2021
318,360,$342806.72,$22088.60,16,60,6/16/2021,2/6/2022
319,458,$321551.98,$1617.60,38,15,6/10/2021,12/13/2021
320,433,$290194.60,$23612.51,26,36,1/18/2021,9/18/2021
321,778,$256633.53,$29508.22,72,26,7/29/2021,4/18/2022
322,711,$365005.68,$30985.06,84,7,3/15/2021,8/27/2021
323,435,$317629.11,$45274.84,78,41,6/28/2021,2/16/2022
324,985,$444008.41,$11285.85,50,22,8/4/2021,9/22/2021
325,819,$398614.57,$10757.47,93,40,1/22/2021,9/5/2021
326,549,$221866.19,$20872.27,64,18,2/8/2021,7/12/2022
327,454,$122468.37,$42896.17,71,9,7/18/2021,2/26/2022
328,625,$355437.67,$17147.45,64,32,2/5/2021,12/21/2021
329,190,$263974.70,$20376.09,54,24,3/19/2021,1/29/2022
330,292,$286534.99,$14838.30,64,26,5/29/2021,4/28/2022
331,879,$334349.66,$482.09,100,21,7/22/2021,8/5/2022
332,547,$365163.87,$41970.78,22,57,4/18/2021,11/29/2021
333,793,$267899.49,$41244.04,86,56,7/19/2021,2/26/2022
334,807,$164859.26,$1154.99,19,19,4/8/2021,11/29/2021
335,555,$364463.48,$43520.77,3,41,3/11/2021,4/24/2022
336,233,$272104.35,$2744.35,79,47,6/11/2021,11/25/2021
337,847,$189034.74,$39312.03,42,30,4/8/2021,2/15/2022
338,794,$224119.54,$16502.81,26,57,4/4/2021,1/28/2022
339,868,$412425.02,$474.64,76,43,6/16/2021,8/9/2021
340,329,$473792.26,$31208.76,92,36,6/28/2021,10/20/2021
341,296,$228632.16,$30400.90,20,26,6/9/2021,11/16/2021
342,841,$153002.37,$14907.61,76,57,8/3/2021,1/19/2022
343,908,$170282.75,$1420.95,56,56,2/3/2021,1/19/2022
344,275,$418724.53,$20015.66,4,62,2/6/2021,12/9/2021
345,46,$225313.26,$40332.57,34,56,3/18/2021,5/20/2022
346,483,$494868.20,$35657.27,48,50,1/4/2021,12/23/2021
347,407,$194354.91,$40449.91,10,45,5/29/2021,12/26/2021
348,825,$119763.64,$45220.45,82,27,5/21/2021,11/24/2021
349,858,$131274.47,$26239.87,81,23,1/27/2021,1/14/2022
350,601,$281803.27,$13968.92,50,18,5/18/2021,10/19/2021
351,359,$334183.43,$8520.53,84,62,7/8/2021,5/7/2022
352,883,$298470.32,$19722.62,55,60,1/8/2021,2/3/2022
353,852,$475088.23,$44040.55,65,30,4/26/2021,3/29/2022
354,736,$497246.64,$35074.53,42,6,1/30/2021,2/6/2022
355,623,$332455.36,$46033.41,79,5,7/25/2021,6/2/2022
356,19,$139211.39,$26155.57,83,10,6/12/2021,4/17/2022
357,923,$58734.44,$46050.89,76,18,7/21/2021,11/20/2021
358,754,$193576.09,$37361.99,84,45,6/9/2021,8/15/2021
359,337,$60489.40,$38499.10,12,62,7/10/2021,7/31/2022
360,590,$97148.78,$19449.95,82,59,4/22/2021,1/31/2022
361,959,$278309.38,$15543.85,100,38,5/7/2021,4/15/2022
362,578,$140440.55,$41284.51,6,8,1/27/2021,12/13/2021
363,797,$114212.03,$4106.01,90,25,7/14/2021,9/1/2021
364,55,$271405.10,$41387.20,29,42,1/26/2021,11/10/2021
365,887,$118466.11,$41586.38,51,14,4/23/2021,3/11/2022
366,159,$362241.74,$1288.25,97,25,2/20/2021,6/26/2022
367,44,$301034.24,$47869.50,65,36,2/10/2021,1/27/2022
368,227,$158495.88,$10333.26,96,48,1/20/2021,3/17/2022
369,164,$378626.20,$35516.92,16,22,4/2/2021,2/1/2022
370,404,$228211.15,$44978.51,37,8,6/12/2021,11/17/2021
371,798,$60271.98,$25216.21,43,48,6/2/2021,10/26/2021
372,317,$280169.24,$2867.62,95,32,3/7/2021,1/6/2022
373,6,$447444.82,$37269.35,71,25,1/31/2021,8/13/2021
374,279,$107184.03,$44995.63,23,11,5/8/2021,2/24/2022
375,586,$218759.80,$17116.71,58,6,5/1/2021,6/25/2022
376,915,$86955.11,$20293.14,43,32,7/6/2021,12/14/2021
377,741,$370778.32,$16395.86,50,32,5/20/2021,3/31/2022
378,563,$255139.44,$37451.59,91,48,7/11/2021,7/15/2022
379,406,$132538.19,$40869.94,30,48,2/24/2021,5/12/2022
380,441,$173351.09,$40416.84,91,37,8/5/2021,7/10/2022
381,279,$367791.23,$41590.03,88,30,6/11/2021,9/23/2021
382,366,$148950.55,$48261.56,73,47,7/4/2021,10/22/2021
383,644,$477272.50,$28543.52,99,27,5/3/2021,4/4/2022
384,708,$132923.96,$18388.79,82,30,1/25/2021,11/9/2021
385,757,$425743.88,$10735.95,17,52,3/6/2021,3/13/2022
386,597,$424004.93,$30112.83,64,45,4/20/2021,4/15/2022
387,605,$359597.00,$16798.78,42,41,1/2/2021,12/26/2021
388,693,$259324.46,$17798.49,52,58,4/14/2021,1/21/2022
389,374,$365740.61,$8415.09,77,7,5/4/2021,4/17/2022
390,638,$234961.23,$29902.44,44,28,2/24/2021,9/2/2021
391,208,$338587.70,$24670.33,33,17,6/6/2021,9/6/2021
392,680,$264862.67,$16916.80,38,36,1/12/2021,11/28/2021
393,266,$237091.65,$26246.66,59,21,6/8/2021,4/15/2022
394,720,$69132.13,$5537.14,21,43,7/25/2021,8/14/2021
395,141,$304342.80,$12603.47,29,6,3/15/2021,3/4/2022
396,123,$171127.70,$24476.42,10,35,4/23/2021,8/18/2021
397,123,$284947.90,$17472.80,58,44,4/19/2021,5/11/2022
398,735,$202718.32,$3754.83,18,58,2/17/2021,10/18/2021
399,331,$82451.16,$41622.87,4,58,1/11/2021,1/19/2022
400,837,$167638.94,$9809.46,15,40,4/2/2021,6/14/2022
401,823,$407825.40,$14763.77,64,28,4/30/2021,4/21/2022
402,220,$281009.58,$17385.87,57,21,2/4/2021,1/29/2022
403,646,$237694.87,$3956.34,3,25,4/14/2021,2/2/2022
404,105,$165364.12,$16322.76,48,10,7/27/2021,9/8/2021
405,511,$335940.56,$33345.37,52,28,5/29/2021,1/14/2022
406,634,$116962.69,$43058.83,49,27,1/29/2021,5/4/2022
407,172,$61503.48,$49267.53,5,11,6/24/2021,6/26/2022
408,261,$123762.14,$1166.77,74,53,2/10/2021,4/1/2022
409,940,$374863.43,$36540.30,77,62,4/21/2021,12/7/2021
410,581,$338993.63,$18484.93,86,17,7/7/2021,4/13/2022
411,394,$148311.02,$22044.01,91,26,5/7/2021,11/18/2021
412,521,$460817.97,$42901.62,27,49,1/8/2021,1/18/2022
413,128,$370417.67,$10423.61,66,56,7/29/2021,11/17/2021
414,374,$364624.14,$9506.57,80,27,5/20/2021,4/13/2022
415,404,$273431.59,$32022.99,26,35,5/29/2021,3/11/2022
416,195,$282638.61,$2331.76,36,13,1/11/2021,12/2/2021
417,918,$148559.23,$49844.87,38,29,3/5/2021,3/16/2022
418,809,$268935.19,$33917.87,10,39,5/22/2021,4/23/2022
419,95,$378578.20,$32893.81,20,55,8/4/2021,3/21/2022
420,487,$208816.25,$25062.53,99,61,6/19/2021,9/25/2021
421,462,$356228.86,$39806.52,59,14,2/23/2021,2/26/2022
422,675,$182626.07,$4691.91,61,40,3/5/2021,7/2/2022
423,382,$96882.25,$45378.05,7,29,2/21/2021,10/12/2021
424,956,$302574.43,$19139.59,26,6,3/23/2021,8/19/2021
425,680,$249110.55,$8535.74,53,41,8/2/2021,3/8/2022
426,254,$304941.32,$2251.95,43,6,4/11/2021,4/28/2022
427,162,$423566.20,$28454.21,43,22,3/31/2021,6/25/2022
428,79,$141016.78,$29165.55,7,56,3/29/2021,7/9/2022
429,616,$195420.17,$27371.62,54,30,5/18/2021,4/6/2022
430,646,$417735.97,$9160.11,14,20,3/1/2021,12/16/2021
431,273,$457990.00,$33306.56,36,13,3/28/2021,10/15/2021
432,404,$127668.94,$10389.00,4,16,5/22/2021,7/31/2022
433,622,$68618.83,$1366.61,10,38,5/11/2021,5/4/2022
434,824,$337676.99,$30169.06,77,43,3/17/2021,2/14/2022
435,946,$322097.10,$16743.63,35,47,1/17/2021,10/17/2021
436,602,$489518.83,$41792.98,38,31,3/2/2021,3/3/2022
437,291,$288069.84,$48321.05,37,19,2/2/2021,2/3/2022
438,407,$152609.56,$38848.20,94,10,1/26/2021,3/7/2022
439,693,$347844.21,$3025.51,31,12,5/24/2021,12/28/2021
440,876,$437054.13,$24990.54,93,58,2/14/2021,6/16/2022
441,217,$355321.19,$33591.03,84,22,6/17/2021,3/15/2022
442,308,$473001.10,$39839.84,6,27,7/1/2021,5/30/2022
443,191,$424884.56,$18215.19,68,34,5/20/2021,6/11/2022
444,607,$413887.96,$16925.77,24,58,7/20/2021,6/10/2022
445,129,$241130.40,$25934.72,76,52,6/30/2021,2/18/2022
446,377,$457241.52,$40190.12,0,18,1/1/2021,4/3/2022
447,873,$359970.38,$40789.10,72,59,7/22/2021,6/11/2022
448,196,$66765.43,$1918.95,5,18,7/19/2021,12/26/2021
449,880,$240616.88,$11331.06,48,60,1/15/2021,12/30/2021
450,470,$407697.53,$7684.87,31,20,6/25/2021,7/21/2022
451,655,$148152.46,$3988.80,27,49,3/17/2021,12/11/2021
452,870,$312376.50,$49812.77,46,10,8/2/2021,9/14/2021
453,119,$492225.43,$34561.69,69,35,3/14/2021,2/7/2022
454,500,$173473.30,$46698.89,68,45,4/6/2021,12/2/2021
455,427,$58991.62,$12866.58,51,18,6/3/2021,11/7/2021
456,98,$157780.19,$33999.96,61,61,3/17/2021,6/8/2022
457,523,$403142.02,$22603.92,13,51,8/2/2021,4/12/2022
458,99,$326195.96,$32570.59,61,50,7/21/2021,7/15/2022
459,184,$247867.55,$18478.75,95,39,7/3/2021,9/18/2021
460,84,$464882.50,$4474.92,30,22,1/30/2021,12/31/2021
461,507,$291769.92,$45714.26,89,15,4/11/2021,4/27/2022
462,218,$201478.29,$21327.66,90,37,4/17/2021,10/6/2021
463,573,$348816.94,$19969.80,39,60,5/30/2021,11/29/2021
464,43,$144233.99,$38902.05,25,22,1/30/2021,11/16/2021
465,307,$177826.82,$30170.39,28,54,5/15/2021,1/22/2022
466,222,$273565.91,$8531.79,74,35,8/5/2021,1/5/2022
467,769,$155464.31,$18324.96,8,10,1/26/2021,5/31/2022
468,341,$370391.63,$23578.50,96,50,2/1/2021,12/29/2021
469,124,$464366.00,$4745.78,34,59,1/4/2021,11/15/2021
470,812,$194134.02,$5080.01,0,44,1/7/2021,6/19/2022
471,927,$113972.96,$48215.55,89,6,1/17/2021,1/24/2022
472,638,$405794.25,$26826.38,35,35,2/6/2021,7/15/2022
473,161,$404851.34,$19819.93,53,38,3/10/2021,10/10/2021
474,753,$237638.23,$8602.87,77,36,1/25/2021,6/5/2022
475,272,$149265.68,$10493.14,96,59,4/17/2021,7/23/2022
476,228,$330572.67,$23044.96,24,59,1/28/2021,12/7/2021
477,480,$106027.94,$12387.39,63,44,7/16/2021,4/29/2022
478,599,$288327.50,$18247.91,81,56,7/27/2021,3/1/2022
479,378,$451456.65,$12821.59,16,8,3/16/2021,3/15/2022
480,173,$491349.86,$14446.04,57,39,4/10/2021,10/29/2021
481,970,$355992.26,$2943.53,17,60,5/8/2021,5/1/2022
482,25,$178316.11,$47925.64,89,39,7/13/2021,2/3/2022
483,936,$179177.77,$31233.75,26,31,3/12/2021,6/8/2022
484,696,$375368.69,$39289.39,20,24,2/22/2021,9/10/2021
485,146,$63563.09,$1052.57,98,41,7/24/2021,7/22/2022
486,223,$116210.69,$28436.03,76,30,4/1/2021,3/14/2022
487,914,$113228.95,$12942.12,41,42,6/19/2021,2/5/2022
488,104,$270030.68,$49148.95,43,39,1/22/2021,10/23/2021
489,36,$392848.42,$26120.77,17,51,3/8/2021,4/8/2022
490,961,$186875.90,$3599.67,53,61,5/4/2021,5/12/2022
491,880,$354090.72,$20457.89,31,56,4/7/2021,6/21/2022
492,667,$88612.42,$36140.42,60,10,5/18/2021,1/10/2022
493,304,$61743.32,$5180.39,55,39,5/5/2021,9/23/2021
494,301,$142191.91,$27634.95,98,7,1/7/2021,3/28/2022
495,587,$424192.78,$37355.72,88,16,4/13/2021,1/21/2022
496,18,$246650.27,$1674.09,64,24,2/15/2021,1/4/2022
497,597,$342866.79,$35934.65,6,47,2/27/2021,5/12/2022
498,413,$60452.81,$17986.35,86,61,4/1/2021,12/15/2021
499,359,$185255.24,$29795.38,58,47,6/5/2021,6/4/2022
500,882,$142132.37,$21017.56,87,6,7/28/2021,5/28/2022
501,189,$428263.28,$5422.06,16,53,3/19/2021,6/2/2022
502,398,$326970.39,$23478.47,65,7,7/28/2021,12/18/2021
503,558,$166249.78,$14679.45,42,13,6/27/2021,8/25/2021
504,736,$198296.54,$35515.64,95,24,2/14/2021,5/29/2022
505,276,$427612.50,$16344.57,52,24,1/11/2021,6/30/2022
506,223,$461071.53,$42692.52,26,33,6/18/2021,12/16/2021
507,546,$123032.05,$47794.71,100,50,4/2/2021,10/5/2021
508,900,$140027.21,$39090.75,33,24,8/4/2021,9/30/2021
509,564,$258898.55,$28487.66,43,35,5/18/2021,1/9/2022
510,344,$122644.19,$27349.69,15,21,1/16/2021,5/24/2022
511,618,$88884.67,$38991.38,66,53,6/17/2021,4/18/2022
512,241,$382377.88,$3570.30,42,55,4/23/2021,7/29/2022
513,738,$343872.79,$27680.39,17,10,7/2/2021,5/2/2022
514,829,$287624.13,$17493.67,67,49,4/20/2021,11/10/2021
515,453,$293475.84,$10734.73,90,44,1/20/2021,7/22/2022
516,679,$428314.20,$48417.95,59,43,6/10/2021,12/6/2021
517,651,$125904.54,$36954.74,31,60,4/29/2021,9/30/2021
518,332,$53481.58,$36628.84,62,39,7/5/2021,7/15/2022
519,133,$277810.73,$9582.73,31,16,3/31/2021,12/8/2021
520,673,$53913.06,$2204.80,93,24,4/2/2021,8/18/2021
521,169,$188201.73,$13046.89,25,51,4/23/2021,10/16/2021
522,230,$189782.05,$9255.37,65,51,1/22/2021,4/23/2022
523,381,$395354.80,$21431.04,63,56,3/4/2021,5/22/2022
524,43,$327970.20,$10353.34,81,59,1/4/2021,4/18/2022
525,469,$200857.64,$33015.19,24,45,3/8/2021,1/22/2022
526,64,$474459.18,$35842.13,19,21,6/15/2021,3/12/2022
527,720,$220202.80,$23815.16,70,42,4/3/2021,5/25/2022
528,979,$144576.00,$13084.95,29,24,7/15/2021,7/6/2022
529,850,$271564.01,$32339.18,28,13,6/17/2021,4/20/2022
530,715,$459190.85,$49177.98,60,20,1/24/2021,4/2/2022
531,840,$73987.35,$20124.56,54,44,6/3/2021,7/25/2022
532,821,$376762.61,$18267.96,54,6,4/19/2021,4/5/2022
533,261,$165802.88,$23168.30,39,18,5/4/2021,1/6/2022
534,755,$368907.71,$30597.11,75,42,2/12/2021,8/15/2021
535,917,$440156.51,$1740.20,93,8,4/26/2021,11/5/2021
536,357,$71216.53,$24932.48,18,58,7/28/2021,4/11/2022
537,420,$84085.81,$47469.84,26,16,3/29/2021,9/14/2021
538,594,$374885.55,$46727.32,99,45,5/9/2021,8/17/2021
539,2,$274323.33,$23951.00,81,19,5/19/2021,3/15/2022
540,289,$57674.92,$20654.64,67,44,5/24/2021,8/19/2021
541,598,$202317.98,$3494.03,80,55,4/24/2021,1/23/2022
542,912,$495391.23,$2949.37,89,6,1/4/2021,12/19/2021
543,27,$497355.84,$27648.38,0,30,7/17/2021,9/21/2021
544,136,$151833.88,$23675.97,33,47,4/26/2021,10/17/2021
545,547,$230696.16,$40852.88,33,52,6/8/2021,4/19/2022
546,656,$307041.49,$48139.72,46,56,2/17/2021,6/8/2022
547,576,$292790.60,$15808.34,93,44,4/29/2021,4/12/2022
548,587,$158708.80,$21701.60,54,14,6/28/2021,11/14/2021
549,931,$90776.47,$31490.24,66,16,1/16/2021,9/8/2021
550,171,$188028.26,$29807.03,46,49,2/15/2021,6/8/2022
551,800,$276932.60,$13036.80,14,49,5/1/2021,11/28/2021
552,467,$347719.87,$13074.01,97,31,5/25/2021,2/3/2022
553,838,$412539.03,$39544.93,8,43,6/14/2021,2/7/2022
554,767,$470249.90,$4342.29,28,30,4/11/2021,5/7/2022
555,625,$189182.69,$30208.52,5,8,4/21/2021,3/2/2022
556,809,$278798.58,$41927.05,8,52,4/19/2021,4/25/2022
557,323,$80261.21,$608.40,95,42,5/25/2021,3/11/2022
558,904,$215764.55,$41787.39,51,24,1/30/2021,1/4/2022
559,582,$320143.60,$39735.77,37,54,3/18/2021,6/18/2022
560,474,$53911.02,$40463.61,22,9,4/4/2021,7/14/2022
561,979,$146318.15,$2664.05,79,61,5/20/2021,5/6/2022
562,162,$127394.36,$38502.94,51,35,4/20/2021,1/6/2022
563,615,$312613.92,$41493.65,23,62,1/12/2021,10/25/2021
564,882,$86427.62,$1088.47,12,22,4/11/2021,2/5/2022
565,612,$337010.36,$7181.96,3,28,6/12/2021,11/11/2021
566,128,$260218.86,$38310.50,25,27,6/16/2021,1/9/2022
567,479,$124418.15,$16233.10,7,33,1/2/2021,8/22/2021
568,158,$236199.54,$24796.68,46,48,3/14/2021,4/27/2022
569,799,$447322.59,$5481.72,47,38,3/30/2021,7/13/2022
570,824,$428403.57,$40493.74,11,10,3/12/2021,6/5/2022
571,942,$304918.22,$37500.23,77,17,2/28/2021,3/7/2022
572,289,$410083.48,$2796.59,5,7,4/22/2021,4/1/2022
573,195,$392701.93,$7602.34,86,14,7/25/2021,11/26/2021
574,258,$222649.49,$14423.10,12,31,8/4/2021,5/23/2022
575,928,$245798.21,$15537.25,33,32,5/18/2021,10/15/2021
576,738,$252209.25,$8505.81,32,59,7/13/2021,11/29/2021
577,211,$196024.11,$32502.71,60,61,6/7/2021,11/8/2021
578,996,$286987.20,$38427.79,70,54,7/7/2021,1/30/2022
579,522,$89722.36,$39119.19,16,23,1/15/2021,1/11/2022
580,342,$221554.52,$6069.92,76,54,7/20/2021,3/3/2022
581,61,$452170.06,$29197.90,85,38,4/29/2021,4/4/2022
582,199,$322567.24,$23743.90,97,16,6/11/2021,2/19/2022
583,574,$439371.90,$21867.34,12,24,2/28/2021,4/27/2022
584,646,$64390.11,$38395.93,15,29,2/3/2021,4/25/2022
585,555,$374397.62,$10148.51,100,53,6/24/2021,8/22/2021
586,725,$223333.67,$36445.65,10,31,5/21/2021,10/25/2021
587,957,$345767.42,$16125.76,71,30,2/15/2021,8/11/2021
588,169,$228052.74,$38992.11,3,55,4/8/2021,12/25/2021
589,401,$355271.68,$28956.02,39,22,2/11/2021,12/20/2021
590,90,$124458.56,$41522.70,71,22,3/26/2021,5/5/2022
591,980,$155260.85,$46242.70,12,47,5/22/2021,11/16/2021
592,830,$388427.49,$45791.71,92,40,3/9/2021,6/22/2022
593,306,$162640.90,$49578.68,36,51,7/16/2021,10/9/2021
594,696,$425824.33,$43369.68,86,25,7/14/2021,11/26/2021
595,433,$165191.58,$20433.36,78,61,6/25/2021,4/23/2022
596,724,$236990.45,$46400.02,58,16,6/25/2021,3/4/2022
597,210,$343561.19,$26415.69,35,12,5/17/2021,12/5/2021
598,176,$172601.21,$37358.21,2,61,2/22/2021,3/3/2022
599,619,$310985.51,$31397.91,37,46,2/11/2021,4/22/2022
600,147,$346038.72,$7615.86,18,47,7/3/2021,9/14/2021
601,449,$99675.98,$23559.51,85,62,1/24/2021,9/24/2021
602,909,$167601.22,$48246.25,53,36,2/11/2021,7/15/2022
603,474,$140288.55,$48365.27,63,40,7/6/2021,6/6/2022
604,830,$216574.21,$27008.65,89,33,2/28/2021,11/7/2021
605,938,$341038.21,$1079.83,21,18,7/14/2021,8/25/2021
606,650,$392795.51,$18288.56,9,53,2/4/2021,7/5/2022
607,351,$331107.02,$5617.20,65,56,7/13/2021,7/22/2022
608,290,$128998.26,$43737.43,20,46,1/13/2021,12/16/2021
609,380,$114270.39,$15860.20,20,20,1/28/2021,2/23/2022
610,604,$308117.92,$14973.33,8,11,2/6/2021,2/7/2022
611,165,$410090.24,$45830.39,10,36,3/12/2021,5/9/2022
612,711,$497686.54,$19246.64,73,39,6/9/2021,5/30/2022
613,820,$162920.98,$18636.55,55,33,4/1/2021,8/20/2021
614,301,$368338.25,$33711.52,14,29,6/26/2021,2/8/2022
615,957,$484953.49,$10763.24,25,57,1/21/2021,6/26/2022
616,233,$373512.12,$42037.96,6,15,1/3/2021,10/27/2021
617,203,$254918.77,$18176.72,47,24,6/12/2021,6/8/2022
618,927,$203351.26,$22792.71,43,57,1/30/2021,12/26/2021
619,679,$264397.09,$43804.87,67,27,5/1/2021,6/11/2022
620,564,$371306.37,$39409.63,49,61,7/14/2021,3/22/2022
621,183,$353117.62,$9729.67,9,6,6/10/2021,4/16/2022
622,494,$68540.94,$12903.22,80,16,1/12/2021,1/19/2022
623,73,$179842.64,$40198.76,50,56,1/21/2021,11/10/2021
624,536,$348335.84,$37438.81,78,57,3/28/2021,11/24/2021
625,974,$276957.75,$9283.18,78,51,5/7/2021,1/26/2022
626,424,$263649.18,$8130.29,30,24,5/3/2021,3/3/2022
627,705,$195119.56,$42077.99,5,60,3/6/2021,6/15/2022
628,68,$471865.56,$2212.18,69,54,6/2/2021,11/24/2021
629,487,$421420.85,$33168.95,24,50,2/16/2021,4/19/2022
630,847,$382016.04,$22305.74,25,18,1/30/2021,2/24/2022
631,471,$201347.19,$37104.93,44,41,4/6/2021,11/10/2021
632,306,$229012.97,$41255.52,71,56,3/17/2021,5/12/2022
633,155,$220935.22,$26370.79,61,59,3/16/2021,7/23/2022
634,487,$198274.15,$32420.97,28,32,6/2/2021,10/3/2021
635,430,$470243.35,$8334.22,79,30,1/2/2021,11/27/2021
636,903,$405139.16,$194.74,60,46,5/28/2021,9/25/2021
637,466,$191466.65,$38051.57,11,41,7/21/2021,3/16/2022
638,350,$345020.19,$32147.67,82,33,1/18/2021,10/12/2021
639,562,$321291.26,$4911.79,42,48,7/28/2021,4/3/2022
640,903,$293305.68,$12441.75,88,31,2/12/2021,6/6/2022
641,315,$306383.09,$44607.05,72,14,6/18/2021,4/30/2022
642,204,$150647.88,$31828.99,76,21,6/7/2021,3/15/2022
643,82,$164762.79,$42668.68,12,24,5/25/2021,3/21/2022
644,424,$396628.53,$34841.93,44,30,1/23/2021,3/8/2022
645,838,$318854.95,$35332.22,64,19,1/25/2021,3/18/2022
646,484,$346117.05,$3516.71,16,59,3/14/2021,4/26/2022
647,906,$254936.51,$27354.40,93,10,7/4/2021,5/23/2022
648,508,$375423.16,$26697.96,74,37,3/17/2021,11/7/2021
649,675,$75176.25,$11865.47,33,24,5/17/2021,5/8/2022
650,962,$256508.84,$19013.42,64,60,4/17/2021,1/29/2022
651,959,$359178.49,$20194.93,45,39,7/1/2021,10/31/2021
652,181,$252276.79,$44125.70,52,61,7/17/2021,2/22/2022
653,362,$206859.71,$22148.87,79,20,6/3/2021,8/10/2021
654,462,$208330.06,$26774.13,47,32,5/10/2021,7/3/2022
655,479,$225312.96,$32690.25,13,49,1/23/2021,11/27/2021
656,46,$100247.58,$17833.70,48,57,8/1/2021,5/4/2022
657,957,$282265.23,$12718.00,1,22,7/18/2021,2/7/2022
658,584,$243566.77,$224.97,82,39,3/3/2021,11/28/2021
659,331,$311652.16,$31251.70,18,25,4/17/2021,5/23/2022
660,27,$211691.94,$30949.93,20,16,4/26/2021,1/24/2022
661,269,$459967.45,$40499.49,65,30,8/1/2021,3/11/2022
662,144,$82548.83,$35655.43,82,25,7/9/2021,7/3/2022
663,611,$173342.41,$47492.69,65,47,6/1/2021,10/31/2021
664,56,$96676.56,$1967.44,49,55,3/3/2021,4/2/2022
665,321,$121013.96,$9327.64,71,19,4/19/2021,7/29/2022
666,983,$423072.03,$31969.84,15,12,2/7/2021,2/1/2022
667,187,$473556.97,$49790.51,49,40,3/4/2021,4/1/2022
668,386,$369991.90,$11523.08,53,21,6/27/2021,7/1/2022
669,946,$176385.57,$15197.10,90,27,3/25/2021,1/9/2022
670,271,$271963.59,$45464.31,72,33,2/9/2021,10/17/2021
671,751,$364038.74,$44810.50,65,50,3/9/2021,4/19/2022
672,530,$401429.74,$38330.96,1,46,4/19/2021,3/15/2022
673,534,$190920.22,$14442.96,74,45,6/6/2021,8/16/2021
674,675,$340934.47,$38793.20,58,20,4/22/2021,10/20/2021
675,721,$91075.25,$30263.74,48,50,1/30/2021,1/20/2022
676,272,$126193.77,$31750.83,58,62,5/24/2021,5/6/2022
677,365,$267210.40,$29838.92,63,21,6/20/2021,12/22/2021
678,972,$385252.53,$8154.72,35,14,3/24/2021,11/7/2021
679,765,$328576.02,$41909.60,46,15,2/8/2021,12/26/2021
680,417,$403027.02,$10992.17,42,17,5/31/2021,10/26/2021
681,985,$142828.65,$17565.47,0,54,1/7/2021,8/14/2021
682,819,$245767.17,$24781.83,47,50,2/12/2021,5/14/2022
683,920,$444511.25,$42811.32,69,55,3/29/2021,4/2/2022
684,449,$99691.79,$30549.98,8,61,1/9/2021,1/24/2022
685,769,$161144.96,$2077.48,21,24,6/13/2021,3/23/2022
686,215,$59682.05,$2452.53,76,36,6/6/2021,4/10/2022
687,134,$405864.41,$41778.21,64,15,4/18/2021,6/3/2022
688,622,$107835.50,$38993.05,71,9,1/7/2021,1/28/2022
689,57,$413823.40,$6151.64,38,41,5/17/2021,8/11/2021
690,511,$152894.92,$27214.54,32,60,7/12/2021,7/31/2022
691,70,$70612.86,$49695.13,64,18,7/31/2021,7/12/2022
692,309,$302029.59,$47546.33,79,52,1/5/2021,10/29/2021
693,651,$419712.40,$35698.25,71,48,3/9/2021,8/23/2021
694,496,$207885.77,$47216.60,95,24,4/9/2021,4/11/2022
695,722,$230741.50,$2208.60,42,48,7/26/2021,6/25/2022
696,285,$256930.08,$33473.54,32,54,4/20/2021,9/17/2021
697,852,$144990.52,$32244.39,11,6,2/2/2021,7/7/2022
698,277,$201251.56,$2994.68,84,35,3/25/2021,12/28/2021
699,707,$389077.93,$42268.09,44,33,7/14/2021,4/14/2022
700,113,$393603.82,$45393.13,33,12,4/11/2021,12/24/2021
701,320,$134183.27,$37345.58,90,23,7/19/2021,11/29/2021
702,712,$142884.55,$27296.31,48,32,7/3/2021,11/26/2021
703,22,$155281.76,$34284.56,35,25,1/28/2021,10/19/2021
704,74,$166747.46,$28503.38,40,5,2/27/2021,7/17/2022
705,61,$198276.22,$3962.32,26,50,5/4/2021,3/21/2022
706,835,$171403.59,$920.84,78,53,3/6/2021,7/23/2022
707,666,$174202.65,$6318.40,41,36,4/17/2021,2/10/2022
708,987,$380230.58,$20022.08,36,5,3/6/2021,12/26/2021
709,807,$242571.52,$36927.27,66,37,1/7/2021,2/5/2022
710,882,$220951.03,$26335.82,61,6,1/17/2021,11/22/2021
711,203,$337555.53,$31532.41,21,14,3/6/2021,12/9/2021
712,578,$183605.46,$21615.73,46,10,2/9/2021,9/12/2021
713,750,$159580.63,$22118.94,62,55,5/25/2021,7/4/2022
714,905,$361737.01,$33393.66,8,10,6/1/2021,1/25/2022
715,296,$370610.57,$19934.64,52,60,5/28/2021,12/4/2021
716,973,$114829.66,$40447.79,38,33,6/15/2021,10/13/2021
717,213,$443995.00,$25054.21,21,60,1/15/2021,10/19/2021
718,258,$325879.90,$2654.35,65,46,6/18/2021,3/19/2022
719,483,$243410.18,$9899.04,86,39,7/6/2021,10/20/2021
720,299,$456844.69,$23557.02,65,48,7/15/2021,3/19/2022
721,449,$337840.49,$24825.26,34,24,3/3/2021,7/23/2022
722,240,$396436.49,$17491.82,45,17,4/21/2021,12/12/2021
723,909,$335600.16,$45659.75,84,23,3/27/2021,4/21/2022
724,4,$268835.11,$19026.70,55,41,7/21/2021,8/14/2021
725,24,$202598.37,$31799.56,27,10,3/22/2021,12/12/2021
726,549,$359138.51,$30638.81,91,13,5/11/2021,3/12/2022
727,717,$284469.74,$42490.46,57,28,4/12/2021,9/9/2021
728,48,$380800.29,$49942.71,67,25,4/15/2021,7/20/2022
729,97,$410716.59,$11095.41,18,9,8/3/2021,1/21/2022
730,137,$156733.90,$5334.78,16,51,5/16/2021,10/13/2021
731,122,$384690.02,$32771.68,79,15,6/29/2021,2/8/2022
732,38,$433992.94,$49733.21,85,20,6/25/2021,9/28/2021
733,674,$198864.21,$20395.43,26,50,3/16/2021,10/24/2021
734,627,$174654.08,$3521.23,43,56,7/6/2021,7/19/2022
735,314,$479829.18,$28232.17,9,62,1/27/2021,5/15/2022
736,529,$105964.94,$8050.69,78,54,3/10/2021,4/4/2022
737,499,$479776.64,$20632.58,21,50,1/8/2021,12/6/2021
738,980,$383875.99,$48660.88,17,43,2/27/2021,4/11/2022
739,778,$84304.27,$4055.86,21,40,6/14/2021,8/1/2022
740,407,$373997.56,$30051.59,1,57,3/5/2021,2/7/2022
741,398,$366674.55,$47962.67,5,50,7/19/2021,2/17/2022
742,975,$142717.82,$7164.90,90,22,4/2/2021,6/30/2022
743,332,$109978.31,$4722.29,98,15,3/21/2021,2/25/2022
744,621,$493033.88,$9764.24,58,11,1/24/2021,5/23/2022
745,631,$203972.76,$37367.83,77,19,6/2/2021,7/19/2022
746,586,$230768.20,$2173.53,66,55,2/20/2021,1/7/2022
747,208,$311330.85,$15325.39,14,14,5/1/2021,2/25/2022
748,135,$449888.90,$23290.62,93,54,5/1/2021,5/22/2022
749,139,$402006.73,$42255.80,40,27,3/19/2021,12/25/2021
750,198,$286045.03,$28136.30,21,62,1/4/2021,11/18/2021
751,550,$255287.49,$12345.75,56,20,6/11/2021,10/1/2021
752,375,$58708.33,$6796.89,69,17,5/20/2021,5/8/2022
753,25,$480568.45,$27443.44,80,59,3/31/2021,7/28/2022
754,398,$231994.19,$36804.53,4,7,6/2/2021,12/10/2021
755,301,$390771.68,$12492.69,24,17,7/26/2021,2/27/2022
756,126,$287183.84,$44607.15,83,47,1/4/2021,4/22/2022
757,161,$453755.09,$30953.40,97,59,7/1/2021,12/10/2021
758,119,$138604.79,$48945.22,59,20,5/16/2021,3/18/2022
759,941,$414792.29,$42784.98,96,51,4/21/2021,2/5/2022
760,318,$496649.34,$36578.75,21,32,4/1/2021,3/13/2022
761,470,$67749.40,$11248.74,6,60,3/31/2021,3/30/2022
762,680,$346071.69,$27091.02,99,24,3/8/2021,12/25/2021
763,204,$182968.09,$37875.01,47,20,4/9/2021,8/17/2021
764,128,$384790.52,$1485.11,33,36,6/19/2021,6/20/2022
765,999,$226447.76,$25356.92,46,44,3/7/2021,7/26/2022
766,960,$456700.50,$49515.61,3,28,4/26/2021,11/27/2021
767,806,$207799.07,$14560.95,18,42,7/3/2021,11/22/2021
768,519,$139160.57,$29654.93,87,62,5/16/2021,1/14/2022
769,8,$70813.54,$29434.37,87,28,3/23/2021,4/19/2022
770,194,$329953.63,$9271.12,18,6,4/18/2021,2/11/2022
771,269,$393126.26,$40161.18,35,51,5/23/2021,6/22/2022
772,970,$315847.38,$19685.17,95,34,5/30/2021,10/2/2021
773,907,$278575.25,$47530.06,56,9,3/27/2021,6/1/2022
774,570,$363272.73,$27913.36,36,54,2/18/2021,8/28/2021
775,716,$83876.49,$23503.22,92,24,5/25/2021,7/1/2022
776,234,$497358.05,$5146.24,32,31,7/13/2021,4/3/2022
777,320,$258242.57,$428.66,55,26,1/19/2021,3/1/2022
778,166,$407808.52,$38950.45,76,6,7/18/2021,10/29/2021
779,196,$454340.92,$39903.79,82,19,6/29/2021,9/8/2021
780,822,$197616.12,$32213.50,44,26,2/5/2021,5/21/2022
781,69,$275793.62,$26812.50,15,59,4/13/2021,12/4/2021
782,780,$450240.46,$18442.63,39,13,7/12/2021,5/28/2022
783,653,$497095.39,$35582.51,64,21,5/5/2021,5/14/2022
784,957,$344678.71,$45286.98,46,34,4/5/2021,6/17/2022
785,422,$368317.95,$37722.49,86,16,7/22/2021,4/29/2022
786,238,$410877.93,$22201.85,80,27,2/19/2021,11/27/2021
787,417,$368182.67,$31719.43,78,33,2/21/2021,4/8/2022
788,660,$391614.91,$1455.48,27,41,7/31/2021,10/27/2021
789,202,$496213.06,$5822.29,35,33,4/17/2021,1/25/2022
790,233,$397469.79,$35023.43,37,16,4/19/2021,5/26/2022
791,208,$255702.90,$39915.88,69,7,7/3/2021,8/30/2021
792,780,$439557.00,$29454.73,87,36,8/4/2021,2/25/2022
793,378,$335542.76,$27749.92,21,7,6/10/2021,10/14/2021
794,977,$305566.75,$8075.93,84,58,4/15/2021,4/21/2022
795,747,$190339.33,$4348.94,67,23,5/19/2021,4/11/2022
796,639,$203604.36,$44333.38,86,44,3/23/2021,8/17/2021
797,353,$163251.05,$23080.98,59,19,1/19/2021,4/13/2022
798,552,$387791.91,$25222.98,29,58,5/6/2021,12/10/2021
799,50,$259376.92,$2988.29,54,53,1/11/2021,6/12/2022
800,206,$174218.57,$19981.83,10,20,2/26/2021,2/26/2022
801,624,$99077.35,$32031.67,96,45,5/11/2021,5/11/2022
802,441,$398244.15,$9030.65,95,25,4/20/2021,12/24/2021
803,98,$67707.63,$5961.22,49,55,7/18/2021,5/22/2022
804,912,$478697.69,$49755.79,89,36,5/28/2021,8/16/2021
805,379,$290436.88,$12544.23,8,40,2/3/2021,10/13/2021
806,41,$62334.82,$36074.85,27,15,2/2/2021,1/18/2022
807,800,$371013.30,$37868.81,74,35,7/22/2021,6/13/2022
808,889,$160163.99,$39436.99,66,46,4/9/2021,11/24/2021
809,270,$241669.22,$31107.90,62,12,5/1/2021,5/1/2022
810,489,$255728.03,$36826.05,73,50,7/5/2021,2/25/2022
811,277,$342246.33,$8503.73,23,51,3/10/2021,2/3/2022
812,366,$163225.37,$12671.56,69,7,4/19/2021,6/28/2022
813,892,$232178.48,$9444.06,96,51,3/16/2021,11/4/2021
814,884,$409800.81,$6883.78,71,20,7/7/2021,11/25/2021
815,238,$481252.31,$21431.58,27,40,3/11/2021,2/14/2022
816,840,$373879.88,$11174.81,5,9,5/10/2021,3/13/2022
817,954,$331403.40,$37256.71,72,35,1/25/2021,12/15/2021
818,930,$118914.50,$8927.82,93,16,7/10/2021,4/21/2022
819,863,$444899.66,$13213.40,4,58,4/24/2021,3/5/2022
820,711,$498493.00,$9831.03,48,12,3/16/2021,11/6/2021
821,788,$207135.11,$13142.12,79,13,4/30/2021,12/25/2021
822,687,$158674.34,$8266.16,68,54,1/12/2021,5/12/2022
823,910,$137909.89,$46988.45,26,31,3/18/2021,4/2/2022
824,243,$147006.00,$45924.41,38,53,7/3/2021,6/25/2022
825,599,$198439.21,$47463.46,10,17,6/1/2021,2/2/2022
826,269,$197201.41,$33807.38,23,25,5/27/2021,4/22/2022
827,686,$200260.28,$37639.42,56,29,8/5/2021,4/5/2022
828,42,$459258.73,$9354.83,19,16,6/23/2021,9/1/2021
829,357,$231705.90,$14328.65,14,44,1/29/2021,1/18/2022
830,63,$327004.69,$25913.37,82,15,3/17/2021,4/10/2022
831,834,$344450.85,$6371.75,13,52,5/2/2021,8/1/2022
832,463,$484020.61,$1357.72,86,36,7/22/2021,2/11/2022
833,637,$470684.69,$24494.13,84,8,2/19/2021,11/14/2021
834,65,$315352.78,$10759.85,76,37,1/11/2021,2/15/2022
835,269,$492715.21,$32716.15,81,37,7/18/2021,1/31/2022
836,209,$368000.44,$11134.25,81,45,7/28/2021,5/28/2022
837,155,$269891.99,$7027.01,84,55,4/4/2021,7/29/2022
838,812,$91907.06,$44178.21,97,29,7/10/2021,10/25/2021
839,372,$409620.95,$36747.65,6,56,3/12/2021,4/13/2022
840,301,$279236.30,$16096.20,48,53,6/5/2021,3/3/2022
841,794,$439321.91,$15102.96,73,13,2/7/2021,3/18/2022
842,215,$453357.73,$23036.85,77,13,1/9/2021,5/4/2022
843,706,$424548.18,$2245.45,76,39,6/2/2021,3/6/2022
844,905,$263902.73,$12796.70,82,11,3/21/2021,3/18/2022
845,284,$143456.10,$1791.02,52,52,5/23/2021,7/20/2022
846,212,$65375.87,$4583.96,51,58,2/26/2021,6/19/2022
847,79,$303141.93,$42676.29,55,23,7/14/2021,4/4/2022
848,310,$89604.80,$42639.29,91,31,3/15/2021,8/30/2021
849,735,$321283.52,$30684.42,79,59,4/22/2021,1/13/2022
850,432,$243377.33,$37777.95,45,5,6/10/2021,7/3/2022
851,839,$83203.47,$14867.05,3,57,4/30/2021,11/21/2021
852,126,$280485.07,$22155.14,8,24,3/31/2021,9/8/2021
853,369,$496327.25,$41761.23,56,44,2/27/2021,11/12/2021
854,925,$255063.18,$35393.92,57,43,1/17/2021,1/9/2022
855,626,$429052.64,$15195.77,64,35,3/8/2021,12/23/2021
856,418,$245943.91,$26268.42,6,23,7/16/2021,4/10/2022
857,26,$215530.17,$40732.72,91,7,7/2/2021,6/25/2022
858,238,$403187.84,$30075.43,46,35,3/6/2021,3/21/2022
859,721,$153358.95,$11463.87,83,27,1/5/2021,2/8/2022
860,884,$174609.27,$26746.03,13,8,4/30/2021,11/23/2021
861,378,$232111.36,$4339.51,0,12,3/11/2021,11/22/2021
862,804,$153947.79,$37737.16,23,34,2/3/2021,9/6/2021
863,837,$148305.85,$9211.15,20,9,3/12/2021,10/7/2021
864,543,$387799.36,$47240.67,7,20,7/4/2021,11/5/2021
865,305,$254105.39,$6419.06,93,39,7/2/2021,2/21/2022
866,17,$220898.68,$49112.16,74,50,2/12/2021,3/24/2022
867,799,$120693.04,$36318.04,48,18,8/3/2021,6/4/2022
868,624,$368106.87,$12801.07,49,27,4/24/2021,1/10/2022
869,655,$132810.78,$167.27,42,44,4/19/2021,2/9/2022
870,16,$396844.37,$8066.23,29,46,5/20/2021,11/1/2021
871,291,$195783.27,$8215.88,79,43,2/7/2021,1/20/2022
872,448,$442635.23,$25097.12,36,32,4/28/2021,11/17/2021
873,699,$343197.99,$16301.11,10,30,4/30/2021,6/8/2022
874,150,$439376.03,$20535.49,49,21,5/27/2021,2/23/2022
875,830,$103639.38,$4400.70,26,28,6/24/2021,12/25/2021
876,717,$142332.39,$4353.82,38,20,7/1/2021,7/23/2022
877,226,$327610.69,$31570.65,89,31,3/24/2021,3/21/2022
878,29,$391465.55,$351.35,12,52,5/19/2021,7/16/2022
879,967,$169792.13,$27853.40,16,14,4/26/2021,5/9/2022
880,942,$259100.65,$5529.89,76,19,3/17/2021,5/1/2022
881,429,$237014.62,$29244.40,74,7,1/27/2021,11/13/2021
882,96,$418398.38,$31784.44,5,33,4/28/2021,11/30/2021
883,704,$358366.58,$7161.76,55,30,1/22/2021,11/17/2021
884,179,$93427.24,$39791.32,55,32,2/24/2021,11/16/2021
885,29,$399176.96,$47554.46,53,49,7/23/2021,7/26/2022
886,979,$303965.22,$29265.84,81,12,1/14/2021,4/17/2022
887,842,$112913.40,$29796.55,51,58,3/1/2021,5/8/2022
888,723,$390606.83,$49470.65,56,42,2/2/2021,2/26/2022
889,652,$368659.79,$17426.99,69,17,4/1/2021,4/2/2022
890,857,$225614.82,$31320.95,95,31,7/18/2021,4/21/2022
891,976,$167225.16,$14148.07,20,5,6/29/2021,3/28/2022
892,859,$238227.19,$14734.78,3,42,4/8/2021,7/4/2022
893,794,$422093.95,$23963.81,12,57,1/31/2021,3/24/2022
894,159,$480562.37,$18363.79,26,17,5/14/2021,8/11/2021
895,350,$247985.02,$42577.67,80,56,3/25/2021,9/10/2021
896,959,$86130.76,$28402.15,64,5,5/18/2021,10/11/2021
897,529,$328524.32,$11130.55,32,31,4/27/2021,12/17/2021
898,869,$280917.42,$28244.47,12,51,2/8/2021,5/12/2022
899,26,$53592.58,$43339.84,38,25,5/21/2021,5/27/2022
900,353,$101726.87,$47727.21,71,56,6/3/2021,4/27/2022
901,782,$229672.96,$47024.85,9,8,2/18/2021,6/4/2022
902,101,$240343.14,$24104.31,74,50,1/23/2021,11/22/2021
903,758,$235411.06,$39757.38,52,58,1/30/2021,1/31/2022
904,85,$121895.28,$41524.54,97,58,7/8/2021,12/23/2021
905,286,$212002.58,$47826.23,66,26,6/21/2021,11/16/2021
906,9,$236633.47,$7766.02,66,31,3/18/2021,6/26/2022
907,671,$497416.52,$41390.40,37,42,5/9/2021,12/23/2021
908,8,$104673.01,$10738.45,53,19,6/2/2021,4/15/2022
909,958,$55590.59,$1065.44,50,20,5/28/2021,11/20/2021
910,550,$98144.76,$21420.78,86,39,4/1/2021,12/22/2021
911,450,$65126.05,$25862.02,73,46,1/21/2021,10/19/2021
912,548,$163095.65,$4570.21,36,55,1/15/2021,10/23/2021
913,441,$137250.44,$6744.16,90,52,2/14/2021,11/25/2021
914,461,$106003.79,$6479.30,74,32,5/4/2021,5/7/2022
915,634,$386279.75,$8706.99,2,48,1/8/2021,8/25/2021
916,713,$374752.60,$43301.57,84,13,1/7/2021,10/29/2021
917,496,$496303.89,$31838.37,66,13,6/7/2021,1/18/2022
918,818,$355489.72,$25246.24,17,32,4/24/2021,9/7/2021
919,962,$494897.27,$23785.58,45,47,4/26/2021,4/15/2022
920,53,$356285.38,$48040.85,5,45,4/29/2021,10/21/2021
921,389,$200623.14,$1163.35,16,24,7/6/2021,9/16/2021
922,187,$345206.32,$14007.58,54,20,1/19/2021,10/25/2021
923,645,$170902.83,$7094.94,14,15,3/25/2021,9/6/2021
924,932,$157565.33,$30214.96,57,5,7/10/2021,4/24/2022
925,235,$122418.43,$1330.75,96,61,5/29/2021,1/2/2022
926,290,$347136.96,$46231.05,85,28,7/7/2021,11/10/2021
927,583,$273784.72,$23521.66,53,9,1/29/2021,6/27/2022
928,224,$376597.67,$12474.69,19,33,4/29/2021,6/6/2022
929,300,$288538.14,$43404.92,53,25,6/6/2021,8/2/2022
930,657,$133559.21,$9975.41,45,36,1/23/2021,9/15/2021
931,772,$493590.92,$28624.02,83,53,5/7/2021,8/7/2021
932,843,$152360.43,$10763.98,49,34,2/9/2021,9/6/2021
933,391,$251832.90,$367.78,43,10,6/6/2021,11/7/2021
934,144,$140117.73,$4541.39,78,13,4/17/2021,3/3/2022
935,712,$253399.85,$36048.21,99,9,7/13/2021,11/29/2021
936,326,$446991.45,$1923.95,55,36,7/28/2021,10/18/2021
937,679,$296812.82,$26444.19,3,22,2/9/2021,2/14/2022
938,59,$112102.02,$11096.07,73,50,3/21/2021,5/23/2022
939,100,$212153.23,$9033.29,74,9,6/28/2021,1/10/2022
940,931,$420583.74,$2062.76,3,62,6/23/2021,7/13/2022
941,666,$359775.25,$19637.18,37,57,7/8/2021,7/17/2022
942,61,$134880.66,$33394.11,17,58,5/1/2021,8/28/2021
943,992,$433223.99,$15267.72,28,33,3/28/2021,7/25/2022
944,633,$444380.50,$28416.38,90,51,2/13/2021,2/8/2022
945,243,$424141.48,$17934.86,3,11,6/28/2021,5/25/2022
946,463,$178631.86,$47964.16,89,34,4/18/2021,2/21/2022
947,799,$271414.67,$46643.24,24,34,3/16/2021,6/21/2022
948,4,$395333.10,$12413.39,72,42,3/26/2021,10/14/2021
949,143,$444250.85,$19049.00,96,14,4/15/2021,7/9/2022
950,359,$473434.73,$24177.33,74,45,5/27/2021,9/14/2021
951,807,$377537.20,$9796.71,11,21,2/8/2021,7/18/2022
952,723,$287268.86,$19017.35,34,56,7/30/2021,8/5/2022
953,96,$104509.53,$33040.60,49,10,5/14/2021,5/7/2022
954,543,$121117.73,$8656.80,52,6,2/27/2021,12/15/2021
955,251,$124306.55,$3522.25,51,28,5/14/2021,4/14/2022
956,708,$140380.65,$27044.48,64,40,2/28/2021,1/27/2022
957,182,$232934.71,$13200.54,61,28,3/27/2021,6/21/2022
958,960,$124330.29,$14331.05,56,62,7/15/2021,10/20/2021
959,448,$498084.67,$47553.03,59,20,6/24/2021,10/4/2021
960,790,$171942.99,$37417.70,59,53,5/10/2021,7/25/2022
961,180,$51825.40,$19968.45,34,51,2/25/2021,2/12/2022
962,440,$211260.89,$25329.05,6,57,3/31/2021,2/21/2022
963,97,$113629.50,$37733.39,48,36,6/17/2021,5/31/2022
964,40,$137632.91,$20941.94,94,56,7/3/2021,4/20/2022
965,707,$362756.46,$4206.38,78,40,6/14/2021,5/1/2022
966,826,$95759.40,$9428.25,12,27,1/28/2021,6/12/2022
967,935,$193317.57,$22998.72,52,15,2/3/2021,12/30/2021
968,35,$73393.34,$33176.86,99,10,3/20/2021,2/10/2022
969,249,$452420.74,$32072.09,65,48,5/4/2021,3/15/2022
970,103,$342966.83,$1181.60,2,60,2/23/2021,6/24/2022
971,597,$143215.25,$37661.88,27,59,3/1/2021,10/23/2021
972,538,$450211.50,$20928.09,89,29,1/23/2021,7/5/2022
973,563,$365126.47,$38478.43,16,40,7/28/2021,9/29/2021
974,927,$468261.38,$31202.53,52,44,6/18/2021,5/26/2022
975,597,$139238.55,$30497.56,60,53,7/24/2021,1/2/2022
976,659,$54433.65,$35492.17,83,39,7/6/2021,2/8/2022
977,575,$464299.07,$30242.63,79,26,7/14/2021,11/19/2021
978,388,$105721.56,$49193.23,80,24,6/17/2021,4/13/2022
979,521,$420913.23,$34384.19,22,24,5/21/2021,11/15/2021
980,326,$216163.86,$35468.24,72,24,3/28/2021,9/22/2021
981,517,$245356.91,$30149.56,92,60,3/30/2021,7/17/2022
982,311,$288247.57,$19471.58,2,32,4/29/2021,10/8/2021
983,34,$442951.06,$45580.79,68,6,2/5/2021,7/14/2022
984,555,$326706.91,$4452.41,14,11,7/4/2021,4/21/2022
985,354,$339375.38,$24284.78,15,53,4/27/2021,1/18/2022
986,555,$181502.05,$49876.72,77,46,7/23/2021,7/2/2022
987,944,$136220.28,$43412.60,36,62,7/12/2021,9/10/2021
988,211,$97321.95,$11780.72,60,17,5/8/2021,11/15/2021
989,41,$76988.07,$36099.02,6,25,4/2/2021,11/30/2021
990,649,$342515.85,$23967.26,33,32,1/20/2021,11/7/2021
991,462,$87577.74,$25317.48,43,22,1/7/2021,7/18/2022
992,814,$462581.88,$14334.30,71,54,3/8/2021,11/23/2021
993,565,$139570.16,$49821.86,83,57,3/10/2021,1/19/2022
994,833,$220230.81,$46.17,57,11,1/15/2021,10/1/2021
995,671,$145255.04,$42414.11,14,6,7/13/2021,6/25/2022
996,548,$281952.08,$42822.28,29,36,1/3/2021,10/25/2021
997,366,$105724.34,$22350.22,41,21,5/18/2021,3/29/2022
998,7,$333380.85,$5628.50,36,24,3/25/2021,10/13/2021
999,734,$341769.19,$12408.60,79,15,5/17/2021,9/30/2021
1000,341,$331760.25,$48767.72,71,14,3/10/2021,6/2/2022
