id,found_id,description,required_sum,current_sum,philantrops_amount,creation_date,closing_date
788,660,"","$15,000.00",$531.14,41,2021-07-31,
181,908,"","$27,000.82","$9,632.18",56,2021-07-27,
512,241,"","$15,000.00","$2,041.76",55,2021-04-23,
351,359,"","$15,000.00","$1,069.95",62,2021-07-08,
131,84,"","$20,796.35","$9,139.84",42,2021-07-01,
178,882,"","$22,889.59","$5,098.35",45,2021-06-04,
197,602,"","$28,449.32",$154.11,26,2021-05-06,
128,45,"","$35,370.42","$9,168.38",45,2021-05-12,
162,133,"","$42,201.12","$2,913.81",55,2021-05-11,
761,470,"","$15,000.00","$7,161.63",60,2021-03-31,
120,953,"","$19,431.28","$8,315.74",20,2021-03-19,
164,403,"","$31,527.80","$9,536.00",47,2021-06-09,
166,546,"","$39,701.49","$5,621.93",34,2021-02-17,
130,708,"","$16,623.00","$5,220.37",29,2021-01-02,
203,210,"","$18,417.06","$1,972.33",6,2021-06-18,
223,122,"","$37,695.71","$1,111.51",9,2021-07-23,
259,433,"","$15,000.00","$7,548.64",20,2021-02-26,
153,298,"","$48,166.38",$432.24,14,2021-07-14,
195,94,"","$33,213.80","$6,782.97",49,2021-05-18,
585,555,"","$15,000.00","$5,792.83",53,2021-06-24,
208,9,"","$29,726.08","$8,616.70",47,2021-05-14,
160,261,"","$17,891.04","$7,238.11",58,2021-03-18,
146,436,"","$15,079.41","$1,379.27",54,2021-07-11,
159,517,"","$34,946.41","$7,471.09",39,2021-04-18,
209,977,"","$32,251.52",$193.87,36,2021-01-28,
179,70,"","$24,342.30",$390.17,37,2021-03-09,
185,990,"","$24,331.40","$6,407.23",32,2021-07-09,
204,97,"","$33,683.30","$4,778.48",19,2021-05-29,
193,640,"","$17,688.97","$5,691.73",30,2021-02-15,
217,954,"","$44,061.74","$4,183.10",47,2021-05-14,
189,64,"","$15,000.00","$3,627.39",52,2021-03-28,
104,745,"","$47,088.91","$6,915.32",53,2021-02-14,
210,430,"","$42,620.77","$7,675.26",34,2021-01-24,
167,478,"","$43,640.72","$4,600.09",16,2021-06-25,
211,63,"","$45,401.58","$1,806.55",53,2021-01-30,
574,258,"","$15,000.00","$2,753.57",31,2021-08-04,
161,734,"","$20,257.63","$8,748.23",10,2021-01-24,
173,239,"","$32,228.40","$7,562.41",30,2021-07-26,
187,810,"","$17,675.82","$2,690.80",58,2021-03-13,
206,433,"","$46,257.55","$8,086.87",29,2021-07-23,
191,286,"","$36,716.58","$3,430.25",36,2021-06-25,
123,701,"","$23,074.46","$7,129.46",12,2021-04-18,
145,881,"","$21,033.16","$1,929.22",13,2021-05-15,
174,119,"","$16,291.32","$3,731.40",32,2021-04-30,
820,711,"","$15,000.00",$927.17,12,2021-03-16,
143,319,"","$23,686.94","$3,551.01",53,2021-06-29,
148,458,"","$34,218.26","$4,382.20",50,2021-02-10,
134,959,"","$39,372.06","$3,697.34",55,2021-06-13,
176,406,"","$44,438.78","$2,318.15",43,2021-03-20,
119,159,"","$16,168.25","$3,449.07",31,2021-01-20,
156,477,"","$41,348.77","$9,583.43",13,2021-05-08,
188,36,"","$15,000.00",$202.39,62,2021-03-16,
109,724,"","$41,104.88","$1,513.43",48,2021-05-29,
140,258,"","$23,422.12","$2,761.26",17,2021-03-05,
149,613,"","$32,251.25","$8,249.12",51,2021-02-15,
113,256,"","$32,263.14","$5,763.13",39,2021-06-24,
880,942,"","$15,000.00","$4,539.47",19,2021-03-17,
158,177,"","$37,509.42","$2,684.86",32,2021-08-03,
184,815,"","$46,908.30","$7,242.71",43,2021-04-10,
183,246,"","$26,933.62","$5,996.94",40,2021-04-03,
115,706,"","$48,495.60","$8,080.10",43,2021-04-02,
127,764,"","$48,991.50",$41.59,53,2021-03-13,
212,517,"","$29,522.66","$9,485.82",30,2021-03-15,
114,454,"","$15,104.80",$878.38,12,2021-04-23,
280,205,"","$15,000.00","$7,428.48",25,2021-01-31,
165,900,"","$27,530.18",$904.89,60,2021-06-21,
207,816,"","$45,027.20","$5,648.19",55,2021-05-02,
105,514,"","$24,882.04","$9,821.02",6,2021-06-19,
220,449,"","$44,989.61","$3,160.08",43,2021-05-17,
139,326,"","$44,377.29","$3,735.02",29,2021-04-14,
201,924,"","$29,967.39",$315.76,56,2021-04-23,
524,43,"","$15,000.00","$5,000.35",59,2021-01-04,
163,918,"","$18,636.58","$7,162.64",5,2021-02-03,
135,354,"","$27,340.33","$6,627.65",35,2021-04-17,
154,553,"","$30,424.64","$6,963.33",20,2021-01-28,
147,719,"","$38,623.84","$2,549.00",54,2021-07-05,
363,797,"","$15,000.00","$5,882.37",25,2021-07-14,
222,781,"","$29,633.50","$1,910.36",62,2021-07-02,
219,357,"","$47,390.68","$5,973.36",31,2021-06-19,
218,255,"","$42,750.23","$7,025.93",7,2021-01-27,
192,826,"","$28,520.41","$2,973.99",32,2021-02-02,
132,497,"","$20,476.10","$6,225.44",17,2021-02-15,
136,287,"","$35,006.81","$2,569.23",7,2021-01-15,
171,20,"","$18,502.09","$7,749.89",51,2021-04-25,
124,814,"","$40,823.91","$4,838.95",36,2021-06-10,
214,198,"","$30,676.07","$5,825.93",45,2021-01-26,
813,892,"","$15,000.00","$1,346.64",51,2021-03-16,
152,759,"","$38,130.53","$5,466.07",34,2021-04-19,
118,516,"","$20,466.61","$5,361.78",11,2021-01-09,
151,369,"","$34,568.64","$5,105.93",12,2021-04-27,
150,678,"","$15,000.00",$234.57,34,2021-06-09,
122,295,"","$25,825.27","$1,010.32",41,2021-03-07,
116,395,"","$49,489.57","$2,233.59",10,2021-07-09,
177,41,"","$25,370.23","$4,067.48",31,2021-08-05,
126,99,"","$25,260.87","$2,307.40",29,2021-06-25,
172,220,"","$47,949.24","$2,945.06",36,2021-03-23,
111,458,"","$20,941.50","$8,557.00",60,2021-03-23,
106,692,"","$43,832.92","$9,333.37",12,2021-01-07,
328,625,"","$17,147.45","$5,614.38",32,2021-02-05,
246,293,"","$32,370.43","$1,527.02",48,2021-07-19,
237,787,"","$35,112.07","$5,793.94",59,2021-01-23,
261,648,"","$27,386.87","$7,603.18",52,2021-01-14,
333,793,"","$41,244.04","$5,495.28",56,2021-07-19,
281,464,"","$23,924.42","$8,518.32",11,2021-03-16,
244,417,"","$31,141.47","$8,560.41",19,2021-02-28,
314,395,"","$33,211.32","$6,175.06",61,2021-05-18,
307,199,"","$44,302.98","$8,610.06",14,2021-08-02,
286,474,"","$40,615.47","$7,195.54",57,2021-04-22,
265,104,"","$39,596.69","$5,596.66",41,2021-03-08,
304,599,"","$38,314.35","$7,225.08",19,2021-05-18,
306,757,"","$35,842.05","$9,592.23",15,2021-01-15,
299,121,"","$18,199.16","$1,784.46",31,2021-05-31,
312,262,"","$30,070.07","$4,258.93",6,2021-04-23,
309,516,"","$30,036.31","$2,692.71",25,2021-04-18,
340,329,"","$31,208.76","$5,392.83",36,2021-06-28,
256,336,"","$21,226.59","$8,204.29",9,2021-01-30,
310,891,"","$34,277.53","$1,234.31",48,2021-04-25,
313,272,"","$32,467.59","$1,501.82",49,2021-01-30,
238,110,"","$21,183.79","$3,782.59",6,2021-04-15,
329,190,"","$20,376.09","$9,827.00",24,2021-03-19,
229,610,"","$15,873.80","$4,249.70",62,2021-01-04,
250,538,"","$43,760.97","$4,182.97",11,2021-01-26,
288,898,"","$26,267.84","$8,889.96",52,2021-02-28,
227,4,"","$48,636.54","$3,185.19",29,2021-06-22,
267,227,"","$41,257.16","$9,992.07",57,2021-03-12,
254,343,"","$34,263.30","$2,323.29",30,2021-07-30,
258,94,"","$44,536.47","$6,661.98",23,2021-05-26,
335,555,"","$43,520.77","$2,577.96",41,2021-03-11,
277,146,"","$43,089.65",$706.03,22,2021-07-05,
318,360,"","$22,088.60","$7,567.02",60,2021-06-16,
338,794,"","$16,502.81","$6,868.84",57,2021-04-04,
231,46,"","$26,434.86","$7,439.64",24,2021-03-09,
262,130,"","$45,656.93","$7,624.22",42,2021-06-25,
315,141,"","$27,966.15","$3,275.98",54,2021-06-15,
245,27,"","$44,646.69","$9,039.75",34,2021-06-23,
234,12,"","$23,668.13","$4,825.34",57,2021-07-16,
317,279,"","$39,683.34","$4,243.82",36,2021-07-04,
272,291,"","$49,578.96","$8,103.16",59,2021-05-27,
225,375,"","$28,234.19","$3,710.04",12,2021-03-27,
271,281,"","$40,777.75","$5,632.49",24,2021-02-05,
316,49,"","$46,517.26","$4,523.92",24,2021-06-23,
301,389,"","$33,662.11","$4,858.47",45,2021-05-25,
302,129,"","$30,006.29","$9,005.38",52,2021-05-02,
293,91,"","$36,471.05","$9,937.72",9,2021-03-20,
289,807,"","$20,191.00","$9,508.67",37,2021-06-01,
264,353,"","$36,888.16","$2,475.53",8,2021-04-14,
252,263,"","$40,975.48","$8,244.04",29,2021-07-03,
268,173,"","$26,569.36","$1,169.37",32,2021-07-11,
323,435,"","$45,274.84","$7,861.96",41,2021-06-28,
291,344,"","$31,735.41","$2,809.88",26,2021-05-13,
327,454,"","$42,896.17","$8,027.48",9,2021-07-18,
337,847,"","$39,312.03","$1,344.20",30,2021-04-08,
308,311,"","$29,591.03","$8,203.45",19,2021-01-01,
305,187,"","$23,546.67","$3,440.78",15,2021-02-15,
263,826,"","$19,221.25","$3,680.00",57,2021-06-07,
285,551,"","$28,300.47","$5,291.55",21,2021-02-23,
269,713,"","$42,936.99","$6,589.67",20,2021-05-24,
292,952,"","$23,651.06","$9,168.51",57,2021-04-21,
322,711,"","$30,985.06","$5,498.63",7,2021-03-15,
320,433,"","$23,612.51","$6,113.66",36,2021-01-18,
303,296,"","$43,901.37","$8,771.98",48,2021-03-16,
276,273,"","$37,733.11","$1,582.73",39,2021-04-25,
224,297,"","$49,080.05","$1,921.31",30,2021-06-02,
287,95,"","$41,033.39","$2,200.63",33,2021-03-13,
279,393,"","$41,898.61","$7,455.33",9,2021-06-16,
341,296,"","$30,400.90","$5,805.91",26,2021-06-09,
239,268,"","$31,008.32","$6,049.33",48,2021-05-18,
232,957,"","$28,768.18","$7,533.99",40,2021-02-06,
321,778,"","$29,508.22","$9,615.78",26,2021-07-29,
257,875,"","$20,220.53","$8,611.56",31,2021-01-31,
235,973,"","$29,754.05","$1,734.37",52,2021-02-24,
270,8,"","$49,628.03",$529.66,24,2021-05-04,
298,410,"","$19,654.92","$7,729.33",31,2021-01-29,
253,748,"","$37,012.12","$5,424.88",52,2021-03-10,
278,885,"","$45,500.82","$7,675.63",50,2021-05-14,
226,925,"","$34,125.08","$3,860.36",31,2021-01-15,
284,344,"","$49,881.50","$7,231.44",49,2021-05-21,
236,253,"","$30,228.99","$6,173.87",28,2021-02-08,
326,549,"","$20,872.27",$977.28,18,2021-02-08,
249,304,"","$40,119.81","$7,845.92",30,2021-01-22,
283,806,"","$24,448.36","$6,912.08",22,2021-05-30,
255,684,"","$23,105.29","$5,980.18",54,2021-04-08,
247,646,"","$22,146.83","$5,670.23",35,2021-03-07,
300,936,"","$38,675.57","$8,992.93",26,2021-05-07,
243,172,"","$36,899.73","$4,539.07",30,2021-07-14,
275,293,"","$36,722.56","$5,376.23",58,2021-06-15,
332,547,"","$41,970.78","$4,553.96",57,2021-04-18,
421,462,"","$39,806.52",$222.57,14,2021-02-23,
369,164,"","$35,516.92",$820.14,22,2021-04-02,
411,394,"","$22,044.01","$9,156.41",26,2021-05-07,
434,824,"","$30,169.06","$7,652.33",43,2021-03-17,
373,6,"","$37,269.35","$6,614.40",25,2021-01-31,
364,55,"","$41,387.20","$1,358.80",42,2021-01-26,
388,693,"","$17,798.49","$2,306.06",58,2021-04-14,
370,404,"","$44,978.51","$4,529.74",8,2021-06-12,
459,184,"","$18,478.75","$5,057.64",39,2021-07-03,
353,852,"","$44,040.55","$3,036.37",30,2021-04-26,
358,754,"","$37,361.99","$1,680.01",45,2021-06-09,
447,873,"","$40,789.10","$9,120.44",59,2021-07-22,
456,98,"","$33,999.96","$8,218.42",61,2021-03-17,
445,129,"","$25,934.72","$3,379.01",52,2021-06-30,
357,923,"","$46,050.89","$7,940.46",18,2021-07-21,
374,279,"","$44,995.63","$8,407.80",11,2021-05-08,
381,279,"","$41,590.03",$996.55,30,2021-06-11,
462,218,"","$21,327.66",$715.36,37,2021-04-17,
412,521,"","$42,901.62","$9,191.93",49,2021-01-08,
379,406,"","$40,869.94","$8,132.23",48,2021-02-24,
387,605,"","$16,798.78","$3,850.57",41,2021-01-02,
441,217,"","$33,591.03","$7,001.59",22,2021-06-17,
347,407,"","$40,449.91","$5,935.07",45,2021-05-29,
420,487,"","$25,062.53","$6,421.32",61,2021-06-19,
444,607,"","$16,925.77",$657.26,58,2021-07-20,
352,883,"","$19,722.62","$2,348.76",60,2021-01-08,
356,19,"","$26,155.57","$5,523.01",10,2021-06-12,
345,46,"","$40,332.57","$1,498.89",56,2021-03-18,
453,119,"","$34,561.69","$7,134.91",35,2021-03-14,
427,162,"","$28,454.21","$2,315.29",22,2021-03-31,
402,220,"","$17,385.87","$1,715.34",21,2021-02-04,
405,511,"","$33,345.37","$5,594.98",28,2021-05-29,
375,586,"","$17,116.71",$961.84,6,2021-05-01,
349,858,"","$26,239.87","$5,084.39",23,2021-01-27,
417,918,"","$49,844.87","$8,507.72",29,2021-03-05,
393,266,"","$26,246.66","$7,798.73",21,2021-06-08,
415,404,"","$32,022.99","$9,678.28",35,2021-05-29,
361,959,"","$15,543.85","$5,831.07",38,2021-05-07,
406,634,"","$43,058.83","$6,271.93",27,2021-01-29,
371,798,"","$25,216.21","$3,299.51",48,2021-06-02,
452,870,"","$49,812.77","$7,421.24",10,2021-08-02,
378,563,"","$37,451.59",$402.42,48,2021-07-11,
360,590,"","$19,449.95","$1,887.64",59,2021-04-22,
443,191,"","$18,215.19","$4,637.79",34,2021-05-20,
346,483,"","$35,657.27","$7,876.98",50,2021-01-04,
428,79,"","$29,165.55","$3,413.73",56,2021-03-29,
410,581,"","$18,484.93","$1,159.64",17,2021-07-07,
429,616,"","$27,371.62","$4,032.72",30,2021-05-18,
438,407,"","$38,848.20",$290.48,10,2021-01-26,
442,308,"","$39,839.84","$6,664.26",27,2021-07-01,
440,876,"","$24,990.54","$1,677.74",58,2021-02-14,
418,809,"","$33,917.87","$9,389.40",39,2021-05-22,
436,602,"","$41,792.98","$5,292.81",31,2021-03-02,
424,956,"","$19,139.59",$990.50,6,2021-03-23,
359,337,"","$38,499.10","$9,685.25",62,2021-07-10,
435,946,"","$16,743.63","$7,359.30",47,2021-01-17,
348,825,"","$45,220.45","$1,028.05",27,2021-05-21,
437,291,"","$48,321.05","$2,257.86",19,2021-02-02,
383,644,"","$28,543.52","$2,785.42",27,2021-05-03,
377,741,"","$16,395.86","$9,248.57",32,2021-05-20,
344,275,"","$20,015.66","$7,680.39",62,2021-02-06,
391,208,"","$24,670.33","$7,346.01",17,2021-06-06,
461,507,"","$45,714.26","$6,849.46",15,2021-04-11,
409,940,"","$36,540.30","$3,050.15",62,2021-04-21,
367,44,"","$47,869.50","$5,640.89",36,2021-02-10,
458,99,"","$32,570.59","$9,978.12",50,2021-07-21,
404,105,"","$16,322.76","$8,153.43",10,2021-07-27,
399,331,"","$41,622.87","$3,622.10",58,2021-01-11,
386,597,"","$30,112.83","$1,840.94",45,2021-04-20,
354,736,"","$35,074.53","$8,795.78",6,2021-01-30,
419,95,"","$32,893.81","$1,059.44",55,2021-08-04,
382,366,"","$48,261.56","$4,140.77",47,2021-07-04,
446,377,"","$40,190.12","$7,597.75",18,2021-01-01,
431,273,"","$33,306.56","$1,573.30",13,2021-03-28,
407,172,"","$49,267.53","$1,618.49",11,2021-06-24,
396,123,"","$24,476.42","$2,239.30",35,2021-04-23,
362,578,"","$41,284.51","$7,116.63",8,2021-01-27,
423,382,"","$45,378.05","$9,583.15",29,2021-02-21,
392,680,"","$16,916.80","$5,883.25",36,2021-01-12,
457,523,"","$22,603.92","$6,554.62",51,2021-08-02,
380,441,"","$40,416.84","$8,019.96",37,2021-08-05,
355,623,"","$46,033.41","$7,549.93",5,2021-07-25,
376,915,"","$20,293.14","$4,358.03",32,2021-07-06,
397,123,"","$17,472.80","$5,644.81",44,2021-04-19,
463,573,"","$19,969.80","$3,023.68",60,2021-05-30,
365,887,"","$41,586.38","$9,965.00",14,2021-04-23,
454,500,"","$46,698.89","$2,233.51",45,2021-04-06,
384,708,"","$18,388.79","$5,930.95",30,2021-01-25,
390,638,"","$29,902.44","$3,516.94",28,2021-02-24,
516,679,"","$48,417.95","$2,624.93",43,2021-06-10,
558,904,"","$41,787.39","$5,390.86",24,2021-01-30,
482,25,"","$47,925.64","$3,647.89",39,2021-07-13,
556,809,"","$41,927.05","$1,401.51",52,2021-04-19,
484,696,"","$39,289.39","$5,873.69",24,2021-02-22,
511,618,"","$38,991.38","$9,796.62",53,2021-06-17,
483,936,"","$31,233.75","$5,932.07",31,2021-03-12,
509,564,"","$28,487.66","$5,317.11",35,2021-05-18,
570,824,"","$40,493.74","$9,957.84",10,2021-03-12,
575,928,"","$15,537.25","$8,397.65",32,2021-05-18,
467,769,"","$18,324.96","$6,342.06",10,2021-01-26,
492,667,"","$36,140.42",$867.44,10,2021-05-18,
514,829,"","$17,493.67","$9,026.65",49,2021-04-20,
468,341,"","$23,578.50","$1,119.54",50,2021-02-01,
465,307,"","$30,170.39",$651.96,54,2021-05-15,
549,931,"","$31,490.24","$5,389.35",16,2021-01-16,
539,2,"","$23,951.00","$9,474.43",19,2021-05-19,
550,171,"","$29,807.03","$5,388.53",49,2021-02-15,
473,161,"","$19,819.93",$445.00,38,2021-03-10,
555,625,"","$30,208.52","$7,814.83",8,2021-04-21,
581,61,"","$29,197.90","$1,128.31",38,2021-04-29,
567,479,"","$16,233.10","$6,947.54",33,2021-01-02,
582,199,"","$23,743.90","$3,757.05",16,2021-06-11,
548,587,"","$21,701.60","$7,473.57",14,2021-06-28,
579,522,"","$39,119.19","$9,132.44",23,2021-01-15,
577,211,"","$32,502.71","$2,394.18",61,2021-06-07,
517,651,"","$36,954.74","$7,705.50",60,2021-04-29,
500,882,"","$21,017.56","$3,796.63",6,2021-07-28,
538,594,"","$46,727.32","$9,444.64",45,2021-05-09,
546,656,"","$48,139.72","$9,169.36",56,2021-02-17,
560,474,"","$40,463.61","$6,540.63",9,2021-04-04,
531,840,"","$20,124.56","$5,696.26",44,2021-06-03,
504,736,"","$35,515.64","$1,840.14",24,2021-02-14,
507,546,"","$47,794.71","$4,351.66",50,2021-04-02,
529,850,"","$32,339.18","$9,888.96",13,2021-06-17,
544,136,"","$23,675.97","$2,109.90",47,2021-04-26,
488,104,"","$49,148.95","$7,390.19",39,2021-01-22,
478,599,"","$18,247.91","$1,725.37",56,2021-07-27,
510,344,"","$27,349.69","$1,541.24",21,2021-01-16,
533,261,"","$23,168.30","$8,477.51",18,2021-05-04,
536,357,"","$24,932.48","$7,570.35",58,2021-07-28,
530,715,"","$49,177.98","$3,505.58",20,2021-01-24,
486,223,"","$28,436.03","$1,267.97",30,2021-04-01,
568,158,"","$24,796.68","$2,846.47",48,2021-03-14,
583,574,"","$21,867.34","$5,036.19",24,2021-02-28,
571,942,"","$37,500.23","$4,503.88",17,2021-02-28,
537,420,"","$47,469.84","$1,732.23",16,2021-03-29,
540,289,"","$20,654.64","$4,249.02",44,2021-05-24,
499,359,"","$29,795.38","$1,972.27",47,2021-06-05,
508,900,"","$39,090.75","$5,321.03",24,2021-08-04,
525,469,"","$33,015.19","$3,164.96",45,2021-03-08,
526,64,"","$35,842.13","$6,543.02",21,2021-06-15,
559,582,"","$39,735.77","$9,915.78",54,2021-03-18,
476,228,"","$23,044.96","$7,456.69",59,2021-01-28,
527,720,"","$23,815.16","$7,743.31",42,2021-04-03,
502,398,"","$23,478.47","$3,271.96",7,2021-07-28,
491,880,"","$20,457.89","$2,230.34",56,2021-04-07,
498,413,"","$17,986.35","$7,571.19",61,2021-04-01,
553,838,"","$39,544.93","$7,443.37",43,2021-06-14,
518,332,"","$36,628.84","$3,262.31",39,2021-07-05,
513,738,"","$27,680.39","$2,865.19",10,2021-07-02,
545,547,"","$40,852.88","$8,330.41",52,2021-06-08,
464,43,"","$38,902.05","$1,009.52",22,2021-01-30,
495,587,"","$37,355.72","$1,965.21",16,2021-04-13,
563,615,"","$41,493.65","$5,795.12",62,2021-01-12,
471,927,"","$48,215.55","$5,360.85",6,2021-01-17,
547,576,"","$15,808.34","$5,747.98",44,2021-04-29,
543,27,"","$27,648.38",$835.22,30,2021-07-17,
505,276,"","$16,344.57","$5,492.43",24,2021-01-11,
566,128,"","$38,310.50","$2,269.45",27,2021-06-16,
489,36,"","$26,120.77","$8,977.14",51,2021-03-08,
562,162,"","$38,502.94","$9,271.68",35,2021-04-20,
523,381,"","$21,431.04","$9,740.07",56,2021-03-04,
506,223,"","$42,692.52",$270.71,33,2021-06-18,
578,996,"","$38,427.79","$6,926.57",54,2021-07-07,
497,597,"","$35,934.65","$6,902.07",47,2021-02-27,
534,755,"","$30,597.11","$7,158.52",42,2021-02-12,
472,638,"","$26,826.38","$5,334.06",35,2021-02-06,
532,821,"","$18,267.96","$5,693.88",6,2021-04-19,
494,301,"","$27,634.95","$1,533.75",7,2021-01-07,
634,487,"","$32,420.97","$7,236.10",32,2021-06-02,
684,449,"","$30,549.98","$8,015.64",61,2021-01-09,
660,27,"","$30,949.93","$1,801.01",16,2021-04-26,
619,679,"","$43,804.87","$1,480.42",27,2021-05-01,
611,165,"","$45,830.39","$6,064.62",36,2021-03-12,
663,611,"","$47,492.69","$1,717.34",47,2021-06-01,
703,22,"","$34,284.56","$3,808.52",25,2021-01-28,
593,306,"","$49,578.68","$7,312.62",51,2021-07-16,
627,705,"","$42,077.99","$6,607.27",60,2021-03-06,
590,90,"","$41,522.70","$6,865.55",22,2021-03-26,
624,536,"","$37,438.81","$4,053.72",57,2021-03-28,
662,144,"","$35,655.43","$7,376.76",25,2021-07-09,
606,650,"","$18,288.56","$4,791.80",53,2021-02-04,
584,646,"","$38,395.93","$6,665.61",29,2021-02-03,
692,309,"","$47,546.33",$939.97,52,2021-01-05,
629,487,"","$33,168.95","$3,141.64",50,2021-02-16,
630,847,"","$22,305.74",$651.78,18,2021-01-30,
637,466,"","$38,051.57","$3,130.98",41,2021-07-21,
587,957,"","$16,125.76","$5,597.50",30,2021-02-15,
696,285,"","$33,473.54","$6,026.95",54,2021-04-20,
688,622,"","$38,993.05","$1,838.27",9,2021-01-07,
617,203,"","$18,176.72","$2,829.22",24,2021-06-12,
675,721,"","$30,263.74","$8,195.27",50,2021-01-30,
647,906,"","$27,354.40","$6,652.16",10,2021-07-04,
604,830,"","$27,008.65","$6,221.98",33,2021-02-28,
700,113,"","$45,393.13","$6,279.18",12,2021-04-11,
655,479,"","$32,690.25",$939.31,49,2021-01-23,
632,306,"","$41,255.52","$1,457.24",56,2021-03-17,
694,496,"","$47,216.60","$4,381.17",24,2021-04-09,
645,838,"","$35,332.22",$839.37,19,2021-01-25,
594,696,"","$43,369.68",$439.47,25,2021-07-14,
638,350,"","$32,147.67","$2,917.65",33,2021-01-18,
656,46,"","$17,833.70","$5,784.55",57,2021-08-01,
666,983,"","$31,969.84","$2,831.21",12,2021-02-07,
650,962,"","$19,013.42","$1,636.56",60,2021-04-17,
667,187,"","$49,790.51","$4,053.32",40,2021-03-04,
677,365,"","$29,838.92","$7,016.43",21,2021-06-20,
608,290,"","$43,737.43","$4,030.97",46,2021-01-13,
671,751,"","$44,810.50","$1,702.90",50,2021-03-09,
616,233,"","$42,037.96","$7,963.42",15,2021-01-03,
690,511,"","$27,214.54","$5,431.92",60,2021-07-12,
648,508,"","$26,697.96","$8,753.04",37,2021-03-17,
651,959,"","$20,194.93","$6,657.83",39,2021-07-01,
661,269,"","$40,499.49","$3,391.06",30,2021-08-01,
672,530,"","$38,330.96","$1,662.34",46,2021-04-19,
620,564,"","$39,409.63","$4,584.93",61,2021-07-14,
691,70,"","$49,695.13","$6,277.36",18,2021-07-31,
614,301,"","$33,711.52","$7,289.37",29,2021-06-26,
659,331,"","$31,251.70","$7,651.91",25,2021-04-17,
631,471,"","$37,104.93",$431.99,41,2021-04-06,
702,712,"","$27,296.31","$2,476.56",32,2021-07-03,
693,651,"","$35,698.25","$4,084.20",48,2021-03-09,
682,819,"","$24,781.83","$4,516.12",50,2021-02-12,
674,675,"","$38,793.20","$9,811.26",20,2021-04-22,
612,711,"","$19,246.64","$8,390.03",39,2021-06-09,
601,449,"","$23,559.51","$9,461.59",62,2021-01-24,
633,155,"","$26,370.79","$7,568.55",59,2021-03-16,
697,852,"","$32,244.39","$6,127.16",6,2021-02-02,
613,820,"","$18,636.55","$6,077.56",33,2021-04-01,
652,181,"","$44,125.70","$1,845.62",61,2021-07-17,
644,424,"","$34,841.93","$6,634.95",30,2021-01-23,
599,619,"","$31,397.91","$9,837.61",46,2021-02-11,
643,82,"","$42,668.68","$2,289.52",24,2021-05-25,
592,830,"","$45,791.71","$7,761.83",40,2021-03-09,
679,765,"","$41,909.60",$164.55,15,2021-02-08,
681,985,"","$17,565.47","$4,867.79",54,2021-01-07,
687,134,"","$41,778.21","$9,889.94",15,2021-04-18,
669,946,"","$15,197.10","$12,116.86",27,2021-03-25,
623,73,"","$40,198.76","$6,151.78",56,2021-01-21,
596,724,"","$46,400.02","$7,469.74",16,2021-06-25,
699,707,"","$42,268.09","$2,019.78",33,2021-07-14,
598,176,"","$37,358.21","$8,524.85",61,2021-02-22,
588,169,"","$38,992.11",$570.33,55,2021-04-08,
670,271,"","$45,464.31","$8,028.36",33,2021-02-09,
589,401,"","$28,956.02","$3,791.25",22,2021-02-11,
618,927,"","$22,792.71","$7,288.27",57,2021-01-30,
642,204,"","$31,828.99","$2,970.23",21,2021-06-07,
595,433,"","$20,433.36","$5,268.53",61,2021-06-25,
654,462,"","$26,774.13",$777.39,32,2021-05-10,
683,920,"","$42,811.32","$4,076.11",55,2021-03-29,
602,909,"","$48,246.25","$8,134.33",36,2021-02-11,
609,380,"","$15,860.20","$1,188.29",20,2021-01-28,
586,725,"","$36,445.65","$6,187.88",31,2021-05-21,
653,362,"","$22,148.87","$1,121.04",20,2021-06-03,
641,315,"","$44,607.05","$9,830.03",14,2021-06-18,
701,320,"","$37,345.58","$7,808.75",23,2021-07-19,
597,210,"","$26,415.69","$1,827.63",12,2021-05-17,
603,474,"","$48,365.27","$8,149.26",40,2021-07-06,
591,980,"","$46,242.70","$2,012.50",47,2021-05-22,
676,272,"","$31,750.83","$4,012.00",62,2021-05-24,
714,905,"","$33,393.66","$9,828.17",10,2021-06-01,
786,238,"","$22,201.85","$6,644.84",27,2021-02-19,
758,119,"","$48,945.22","$3,150.36",20,2021-05-16,
808,889,"","$39,436.99","$9,409.84",46,2021-04-09,
760,318,"","$36,578.75","$3,565.94",32,2021-04-01,
708,987,"","$20,022.08","$9,058.59",5,2021-03-06,
807,800,"","$37,868.81","$3,777.81",35,2021-07-22,
725,24,"","$31,799.56","$3,313.89",10,2021-03-22,
769,8,"","$29,434.37","$5,311.08",28,2021-03-23,
722,240,"","$17,491.82","$7,361.87",17,2021-04-21,
747,208,"","$15,325.39",$781.67,14,2021-05-01,
775,716,"","$23,503.22",$689.68,24,2021-05-25,
793,378,"","$27,749.92","$6,621.38",7,2021-06-10,
709,807,"","$36,927.27","$4,534.97",37,2021-01-07,
798,552,"","$25,222.98","$2,579.64",58,2021-05-06,
753,25,"","$27,443.44","$4,993.56",59,2021-03-31,
762,680,"","$27,091.02","$5,653.33",24,2021-03-08,
756,126,"","$44,607.15","$8,234.75",47,2021-01-04,
778,166,"","$38,950.45","$1,471.44",6,2021-07-18,
779,196,"","$39,903.79","$5,796.12",19,2021-06-29,
780,822,"","$32,213.50","$4,845.54",26,2021-02-05,
750,198,"","$28,136.30","$2,804.49",62,2021-01-04,
727,717,"","$42,490.46","$1,596.60",28,2021-04-12,
773,907,"","$47,530.06","$3,822.57",9,2021-03-27,
787,417,"","$31,719.43","$3,369.18",33,2021-02-21,
735,314,"","$28,232.17","$1,681.77",62,2021-01-27,
723,909,"","$45,659.75","$3,098.62",23,2021-03-27,
768,519,"","$29,654.93","$5,956.21",62,2021-05-16,
823,910,"","$46,988.45",$312.00,31,2021-03-18,
749,139,"","$42,255.80","$9,847.65",27,2021-03-19,
797,353,"","$23,080.98","$8,630.76",19,2021-01-19,
806,41,"","$36,074.85","$7,311.33",15,2021-02-02,
772,970,"","$19,685.17","$1,661.55",34,2021-05-30,
765,999,"","$25,356.92","$5,148.90",44,2021-03-07,
731,122,"","$32,771.68","$5,763.42",15,2021-06-29,
737,499,"","$20,632.58","$8,532.73",50,2021-01-08,
771,269,"","$40,161.18","$3,685.19",51,2021-05-23,
741,398,"","$47,962.67","$1,411.27",50,2021-07-19,
712,578,"","$21,615.73","$3,469.04",10,2021-02-09,
738,980,"","$48,660.88","$3,895.02",43,2021-02-27,
704,74,"","$28,503.38","$3,605.12",5,2021-02-27,
763,204,"","$37,875.01","$7,032.60",20,2021-04-09,
733,674,"","$20,395.43","$9,822.68",50,2021-03-16,
766,960,"","$49,515.61","$7,832.75",28,2021-04-26,
745,631,"","$37,367.83","$5,957.46",19,2021-06-02,
783,653,"","$35,582.51","$5,435.26",21,2021-05-05,
748,135,"","$23,290.62","$1,859.06",54,2021-05-01,
716,973,"","$40,447.79","$4,237.98",33,2021-06-15,
817,954,"","$37,256.71","$3,768.55",35,2021-01-25,
800,206,"","$19,981.83","$4,697.00",20,2021-02-26,
815,238,"","$21,431.58","$4,460.52",40,2021-03-11,
790,233,"","$35,023.43","$3,047.26",16,2021-04-19,
713,750,"","$22,118.94","$4,558.30",55,2021-05-25,
711,203,"","$31,532.41","$1,924.63",14,2021-03-06,
759,941,"","$42,784.98","$8,304.91",51,2021-04-21,
720,299,"","$23,557.02","$7,072.54",48,2021-07-15,
801,624,"","$32,031.67","$4,779.85",45,2021-05-11,
710,882,"","$26,335.82","$6,895.21",6,2021-01-17,
724,4,"","$19,026.70","$4,062.95",41,2021-07-21,
809,270,"","$31,107.90","$8,454.30",12,2021-05-01,
810,489,"","$36,826.05","$5,153.83",50,2021-07-05,
774,570,"","$27,913.36","$4,362.37",54,2021-02-18,
740,407,"","$30,051.59","$1,083.14",57,2021-03-05,
792,780,"","$29,454.73","$3,995.19",36,2021-08-04,
784,957,"","$45,286.98","$8,691.78",34,2021-04-05,
781,69,"","$26,812.50","$4,841.21",59,2021-04-13,
796,639,"","$44,333.38","$4,304.26",44,2021-03-23,
732,38,"","$49,733.21","$1,847.01",20,2021-06-25,
717,213,"","$25,054.21",$25.09,60,2021-01-15,
785,422,"","$37,722.49","$2,375.25",16,2021-07-22,
721,449,"","$24,825.26","$8,903.10",24,2021-03-03,
754,398,"","$36,804.53","$7,061.02",7,2021-06-02,
782,780,"","$18,442.63","$5,317.62",13,2021-07-12,
715,296,"","$19,934.64","$8,791.42",60,2021-05-28,
804,912,"","$49,755.79","$9,984.06",36,2021-05-28,
726,549,"","$30,638.81","$7,581.01",13,2021-05-11,
757,161,"","$30,953.40","$1,580.32",59,2021-07-01,
728,48,"","$49,942.71","$1,126.75",25,2021-04-15,
791,208,"","$39,915.88","$6,814.86",7,2021-07-03,
882,96,"","$31,784.44",$836.73,33,2021-04-28,
873,699,"","$16,301.11","$3,031.61",30,2021-04-30,
941,666,"","$19,637.18","$6,051.67",57,2021-07-08,
824,243,"","$45,924.41","$9,797.39",53,2021-07-03,
886,979,"","$29,265.84","$5,093.05",12,2021-01-14,
858,238,"","$30,075.43","$2,339.05",35,2021-03-06,
857,26,"","$40,732.72","$5,838.63",7,2021-07-02,
893,794,"","$23,963.81","$5,333.94",57,2021-01-31,
885,29,"","$47,554.46","$7,317.42",49,2021-07-23,
901,782,"","$47,024.85","$1,599.95",8,2021-02-18,
872,448,"","$25,097.12",$545.21,32,2021-04-28,
894,159,"","$18,363.79","$4,857.36",17,2021-05-14,
943,992,"","$15,267.72","$9,944.06",33,2021-03-28,
841,794,"","$15,102.96","$3,967.02",13,2021-02-07,
918,818,"","$25,246.24","$5,750.42",32,2021-04-24,
890,857,"","$31,320.95","$3,522.16",31,2021-07-18,
937,679,"","$26,444.19","$3,733.95",22,2021-02-09,
866,17,"","$49,112.16","$3,225.33",50,2021-02-12,
860,884,"","$26,746.03","$1,187.31",8,2021-04-30,
839,372,"","$36,747.65","$4,428.78",56,2021-03-12,
917,496,"","$31,838.37","$6,577.08",13,2021-06-07,
927,583,"","$23,521.66","$6,905.61",9,2021-01-29,
827,686,"","$37,639.42","$9,971.15",29,2021-08-05,
907,671,"","$41,390.40",$75.57,42,2021-05-09,
830,63,"","$25,913.37","$4,645.61",15,2021-03-17,
931,772,"","$28,624.02","$9,243.82",53,2021-05-07,
840,301,"","$16,096.20","$1,629.19",53,2021-06-05,
867,799,"","$36,318.04","$9,932.44",18,2021-08-03,
855,626,"","$15,195.77","$7,329.10",35,2021-03-08,
911,450,"","$25,862.02","$8,553.04",46,2021-01-21,
902,101,"","$24,104.31","$9,780.70",50,2021-01-23,
847,79,"","$42,676.29","$7,958.91",23,2021-07-14,
905,286,"","$47,826.23",$688.63,26,2021-06-21,
854,925,"","$35,393.92","$2,292.55",43,2021-01-17,
888,723,"","$49,470.65","$2,985.75",42,2021-02-02,
896,959,"","$28,402.15","$8,493.29",5,2021-05-18,
874,150,"","$20,535.49",$629.08,21,2021-05-27,
826,269,"","$33,807.38","$4,838.82",25,2021-05-27,
889,652,"","$17,426.99","$5,172.44",17,2021-04-01,
900,353,"","$47,727.21","$1,276.38",56,2021-06-03,
848,310,"","$42,639.29","$8,972.40",31,2021-03-15,
849,735,"","$30,684.42","$6,299.68",59,2021-04-22,
877,226,"","$31,570.65","$2,493.15",31,2021-03-24,
850,432,"","$37,777.95","$3,128.46",5,2021-06-10,
853,369,"","$41,761.23","$8,348.88",44,2021-02-27,
838,812,"","$44,178.21","$1,660.26",29,2021-07-10,
895,350,"","$42,577.67","$5,805.86",56,2021-03-25,
929,300,"","$43,404.92","$1,548.42",25,2021-06-06,
935,712,"","$36,048.21",$669.80,9,2021-07-13,
926,290,"","$46,231.05","$5,085.57",28,2021-07-07,
903,758,"","$39,757.38","$8,394.39",58,2021-01-30,
856,418,"","$26,268.42","$3,412.63",23,2021-07-16,
924,932,"","$30,214.96","$6,084.08",5,2021-07-10,
898,869,"","$28,244.47",$69.41,51,2021-02-08,
833,637,"","$24,494.13","$7,088.59",8,2021-02-19,
920,53,"","$48,040.85","$6,860.58",45,2021-04-29,
884,179,"","$39,791.32","$3,051.71",32,2021-02-24,
904,85,"","$41,524.54","$2,653.60",58,2021-07-08,
887,842,"","$29,796.55","$1,545.97",58,2021-03-01,
899,26,"","$43,339.84","$2,653.55",25,2021-05-21,
942,61,"","$33,394.11","$5,641.63",58,2021-05-01,
916,713,"","$43,301.57","$4,870.51",13,2021-01-07,
879,967,"","$27,853.40","$2,159.62",14,2021-04-26,
825,599,"","$47,463.46","$4,436.96",17,2021-06-01,
910,550,"","$21,420.78","$9,537.17",39,2021-04-01,
835,269,"","$32,716.15",$690.54,37,2021-07-18,
862,804,"","$37,737.16","$4,743.05",34,2021-02-03,
842,215,"","$23,036.85","$3,847.59",13,2021-01-09,
919,962,"","$23,785.58","$7,876.88",47,2021-04-26,
852,126,"","$22,155.14","$4,047.09",24,2021-03-31,
864,543,"","$47,240.67","$7,848.95",20,2021-07-04,
881,429,"","$29,244.40","$5,926.77",7,2021-01-27,
133,880,"","$15,000.00",$547.73,35,2021-04-18,
460,84,"","$15,000.00","$8,508.76",22,2021-01-30,
433,622,"","$15,000.00","$5,928.25",38,2021-05-11,
503,558,"","$15,000.00","$8,517.18",13,2021-06-27,
144,671,"","$15,000.00","$4,498.03",12,2021-07-24,
125,107,"","$15,000.00","$2,564.68",32,2021-06-10,
426,254,"","$15,000.00","$4,037.68",6,2021-04-11,
398,735,"","$15,000.00",$462.19,58,2021-02-17,
319,458,"","$15,000.00",$361.88,15,2021-06-10,
422,675,"","$15,000.00","$5,087.47",40,2021-03-05,
215,691,"","$15,000.00","$3,612.65",49,2021-07-20,
372,317,"","$15,000.00","$3,961.11",32,2021-03-07,
413,128,"","$15,000.00",$736.99,56,2021-07-29,
110,965,"","$15,000.00","$9,961.81",61,2021-03-19,
385,757,"","$15,000.00","$4,279.10",52,2021-03-06,
330,292,"","$15,000.00","$1,722.60",26,2021-05-29,
448,196,"","$15,000.00","$5,811.07",18,2021-07-19,
242,19,"","$15,000.00","$3,578.74",8,2021-02-24,
294,79,"","$15,000.00","$7,844.54",60,2021-06-25,
469,124,"","$15,000.00",$477.00,59,2021-01-04,
295,569,"","$15,000.00","$4,733.36",32,2021-05-21,
485,146,"","$15,000.00","$8,632.75",41,2021-07-24,
403,646,"","$15,000.00","$1,779.96",25,2021-04-14,
339,868,"","$15,000.00","$2,024.81",43,2021-06-16,
196,373,"","$15,000.00",$331.03,31,2021-06-27,
336,233,"","$15,000.00","$1,267.71",47,2021-06-11,
394,720,"","$15,000.00","$7,178.48",43,2021-07-25,
260,247,"","$15,000.00","$7,277.27",57,2021-04-11,
366,159,"","$15,000.00","$7,145.98",25,2021-02-20,
334,807,"","$15,000.00","$5,012.94",19,2021-04-08,
368,227,"","$15,000.00","$8,950.66",48,2021-01-20,
342,841,"","$15,000.00","$4,955.64",57,2021-08-03,
519,133,"","$15,000.00","$4,697.06",16,2021-03-31,
487,914,"","$15,000.00","$3,641.27",42,2021-06-19,
480,173,"","$15,000.00","$3,643.32",39,2021-04-10,
157,312,"","$15,000.00","$1,500.88",59,2021-02-08,
138,98,"","$15,000.00","$8,404.68",42,2021-07-26,
296,628,"","$15,000.00","$5,751.94",33,2021-02-18,
490,961,"","$15,000.00","$1,646.03",61,2021-05-04,
141,682,"","$15,000.00",$872.21,37,2021-04-22,
202,64,"","$15,000.00","$5,130.47",46,2021-03-12,
273,424,"","$15,000.00","$5,486.14",19,2021-03-15,
274,149,"","$15,000.00","$3,680.92",58,2021-06-30,
198,929,"","$15,000.00","$8,090.17",13,2021-08-03,
455,427,"","$15,000.00","$4,775.60",18,2021-06-03,
117,632,"","$15,000.00","$6,797.44",7,2021-02-07,
400,837,"","$15,000.00","$7,867.81",40,2021-04-02,
343,908,"","$15,000.00",$643.12,56,2021-02-03,
216,998,"","$15,000.00",$691.41,52,2021-03-23,
331,879,"","$15,000.00",$969.98,21,2021-07-22,
248,376,"","$15,000.00","$9,590.30",30,2021-05-28,
324,985,"","$15,000.00","$1,840.97",22,2021-08-04,
155,857,"","$15,000.00","$3,903.49",21,2021-06-09,
439,693,"","$15,000.00","$8,290.89",12,2021-05-24,
501,189,"","$15,000.00","$6,741.11",53,2021-03-19,
425,680,"","$15,000.00","$2,096.49",41,2021-08-02,
200,580,"","$15,000.00","$3,694.98",51,2021-01-16,
416,195,"","$15,000.00","$1,719.56",13,2021-01-11,
479,378,"","$15,000.00","$6,853.47",8,2021-03-16,
515,453,"","$15,000.00","$5,106.84",44,2021-01-20,
182,858,"","$15,000.00","$9,063.68",44,2021-06-28,
290,423,"","$15,000.00","$2,880.58",41,2021-03-17,
477,480,"","$15,000.00","$4,816.73",44,2021-07-16,
180,469,"","$15,000.00","$4,280.74",51,2021-03-13,
449,880,"","$15,000.00",$17.34,60,2021-01-15,
266,332,"","$15,000.00","$8,107.16",36,2021-06-07,
350,601,"","$15,000.00",$411.66,18,2021-05-18,
311,332,"","$15,000.00","$2,474.70",54,2021-03-11,
233,345,"","$15,000.00","$3,048.23",30,2021-01-04,
401,823,"","$15,000.00",$329.37,28,2021-04-30,
241,237,"","$15,000.00",$926.43,7,2021-01-01,
170,604,"","$15,000.00","$3,368.48",10,2021-05-27,
450,470,"","$15,000.00","$6,612.34",20,2021-06-25,
493,304,"","$15,000.00",$850.01,39,2021-05-05,
213,939,"","$15,000.00",$192.91,7,2021-04-10,
221,177,"","$15,000.00","$9,601.92",17,2021-04-27,
432,404,"","$15,000.00","$1,817.56",16,2021-05-22,
389,374,"","$15,000.00","$8,897.24",7,2021-05-04,
230,293,"","$15,000.00","$2,182.90",45,2021-01-18,
107,381,"","$15,000.00","$5,226.54",52,2021-04-26,
168,259,"","$15,000.00","$1,492.64",57,2021-06-21,
199,417,"","$15,000.00","$5,373.63",37,2021-04-06,
108,282,"","$15,000.00","$1,418.07",58,2021-05-01,
430,646,"","$15,000.00","$1,566.53",20,2021-03-01,
129,143,"","$15,000.00","$9,276.77",51,2021-03-01,
395,141,"","$15,000.00","$3,067.30",6,2021-03-15,
474,753,"","$15,000.00","$2,782.78",36,2021-01-25,
240,990,"","$15,000.00","$4,648.02",14,2021-03-29,
137,630,"","$15,000.00","$8,530.08",56,2021-07-27,
408,261,"","$15,000.00","$5,900.57",53,2021-02-10,
297,788,"","$15,000.00","$8,236.98",31,2021-06-10,
325,819,"","$15,000.00","$9,909.95",40,2021-01-22,
194,132,"","$15,000.00",$219.80,56,2021-01-02,
121,83,"","$15,000.00","$4,949.21",45,2021-01-03,
481,970,"","$15,000.00","$1,150.86",60,2021-05-08,
228,726,"","$15,000.00","$1,956.02",11,2021-01-26,
470,812,"","$15,000.00","$2,813.16",44,2021-01-07,
142,43,"","$15,000.00","$5,198.89",22,2021-07-26,
451,655,"","$15,000.00","$2,341.41",49,2021-03-17,
186,573,"","$15,000.00",$563.33,56,2021-07-20,
205,966,"","$15,000.00","$6,014.23",35,2021-07-04,
190,346,"","$15,000.00","$5,045.96",24,2021-07-18,
282,272,"","$15,000.00","$4,439.19",59,2021-03-05,
169,912,"","$15,000.00",$120.33,26,2021-01-10,
414,374,"","$15,000.00",$933.36,27,2021-05-20,
175,16,"","$15,000.00",$870.52,39,2021-06-11,
112,203,"","$15,000.00","$4,419.65",62,2021-07-02,
475,272,"","$15,000.00","$2,651.29",59,2021-04-17,
466,222,"","$15,000.00","$3,225.77",35,2021-08-05,
251,698,"","$15,000.00","$9,150.78",31,2021-06-26,
520,673,"","$15,000.00",$950.02,24,2021-04-02,
496,18,"","$15,000.00","$6,725.26",24,2021-02-15,
795,747,"","$15,000.00","$9,433.51",23,2021-05-19,
861,378,"","$15,000.00","$3,799.68",12,2021-03-11,
572,289,"","$15,000.00","$5,491.82",7,2021-04-22,
770,194,"","$15,000.00","$1,101.43",6,2021-04-18,
799,50,"","$15,000.00","$4,592.00",53,2021-01-11,
729,97,"","$15,000.00",$758.62,9,2021-08-03,
542,912,"","$15,000.00","$1,415.20",6,2021-01-04,
706,835,"","$15,000.00",$962.64,53,2021-03-06,
646,484,"","$15,000.00","$2,206.71",59,2021-03-14,
746,586,"","$15,000.00","$7,623.16",55,2021-02-20,
865,305,"","$15,000.00","$6,933.14",39,2021-07-02,
871,291,"","$15,000.00","$5,562.95",43,2021-02-07,
686,215,"","$15,000.00","$8,587.89",36,2021-06-06,
816,840,"","$15,000.00","$5,472.93",9,2021-05-10,
565,612,"","$15,000.00","$2,366.29",28,2021-06-12,
569,799,"","$15,000.00","$3,831.67",38,2021-03-30,
734,627,"","$15,000.00","$5,108.85",56,2021-07-06,
576,738,"","$15,000.00","$6,711.45",59,2021-07-13,
875,830,"","$15,000.00","$4,019.90",28,2021-06-24,
883,704,"","$15,000.00","$9,592.45",30,2021-01-22,
802,441,"","$15,000.00","$8,251.64",25,2021-04-20,
580,342,"","$15,000.00","$9,555.06",54,2021-07-20,
755,301,"","$15,000.00","$5,064.17",17,2021-07-26,
718,258,"","$15,000.00","$7,175.35",46,2021-06-18,
870,16,"","$15,000.00","$5,839.75",46,2021-05-20,
828,42,"","$15,000.00","$1,467.76",16,2021-06-23,
557,323,"","$15,000.00","$1,913.62",42,2021-05-25,
610,604,"","$15,000.00",$368.39,11,2021-02-06,
521,169,"","$15,000.00","$7,021.95",51,2021-04-23,
573,195,"","$15,000.00","$6,362.72",14,2021-07-25,
789,202,"","$15,000.00","$3,413.21",33,2021-04-17,
752,375,"","$15,000.00","$6,911.19",17,2021-05-20,
868,624,"","$15,000.00","$9,187.22",27,2021-04-24,
776,234,"","$15,000.00","$7,784.55",31,2021-07-13,
551,800,"","$15,000.00","$7,624.57",49,2021-05-01,
831,834,"","$15,000.00","$6,165.88",52,2021-05-02,
522,230,"","$15,000.00","$1,058.23",51,2021-01-22,
719,483,"","$15,000.00","$3,120.96",39,2021-07-06,
554,767,"","$15,000.00","$8,971.33",30,2021-04-11,
707,666,"","$15,000.00","$9,620.21",36,2021-04-17,
621,183,"","$15,000.00","$2,559.32",6,2021-06-10,
844,905,"","$15,000.00","$1,859.46",11,2021-03-21,
742,975,"","$15,000.00",$548.26,22,2021-04-02,
628,68,"","$15,000.00","$4,091.13",54,2021-06-02,
640,903,"","$15,000.00",$83.65,31,2021-02-12,
843,706,"","$15,000.00","$9,184.26",39,2021-06-02,
625,974,"","$15,000.00","$4,364.08",51,2021-05-07,
736,529,"","$15,000.00","$2,571.15",54,2021-03-10,
764,128,"","$15,000.00","$4,333.27",36,2021-06-19,
836,209,"","$15,000.00","$7,937.92",45,2021-07-28,
906,9,"","$15,000.00","$5,423.91",31,2021-03-18,
832,463,"","$15,000.00","$5,220.65",36,2021-07-22,
552,467,"","$15,000.00","$4,554.13",31,2021-05-25,
819,863,"","$15,000.00","$6,683.14",58,2021-04-24,
869,655,"","$15,000.00","$5,010.35",44,2021-04-19,
605,938,"","$15,000.00","$4,936.87",18,2021-07-14,
863,837,"","$15,000.00","$7,831.52",9,2021-03-12,
859,721,"","$15,000.00","$4,885.15",27,2021-01-05,
829,357,"","$15,000.00","$8,863.65",44,2021-01-29,
837,155,"","$15,000.00","$2,325.97",55,2021-04-04,
541,598,"","$15,000.00","$6,552.06",55,2021-04-24,
777,320,"","$15,000.00","$4,508.68",26,2021-01-19,
878,29,"","$15,000.00","$4,952.05",52,2021-05-19,
744,621,"","$15,000.00","$8,020.54",11,2021-01-24,
668,386,"","$15,000.00","$6,015.20",21,2021-06-27,
818,930,"","$15,000.00","$7,143.99",16,2021-07-10,
812,366,"","$15,000.00","$7,491.36",7,2021-04-19,
685,769,"","$15,000.00","$5,956.92",24,2021-06-13,
821,788,"","$15,000.00","$6,776.52",13,2021-04-30,
689,57,"","$15,000.00","$2,835.99",41,2021-05-17,
846,212,"","$15,000.00",$239.91,58,2021-02-26,
657,957,"","$15,000.00","$7,415.33",22,2021-07-18,
622,494,"","$15,000.00","$4,647.07",16,2021-01-12,
822,687,"","$15,000.00","$6,556.45",54,2021-01-12,
678,972,"","$15,000.00","$3,510.94",14,2021-03-24,
695,722,"","$15,000.00","$8,365.43",48,2021-07-26,
615,957,"","$15,000.00",$640.35,57,2021-01-21,
607,351,"","$15,000.00","$7,602.93",56,2021-07-13,
834,65,"","$15,000.00","$9,220.24",37,2021-01-11,
851,839,"","$15,000.00","$6,978.91",57,2021-04-30,
767,806,"","$15,000.00","$2,883.22",42,2021-07-03,
897,529,"","$15,000.00","$6,662.26",31,2021-04-27,
845,284,"","$15,000.00","$1,507.35",52,2021-05-23,
876,717,"","$15,000.00","$3,181.02",20,2021-07-01,
698,277,"","$15,000.00","$6,739.54",35,2021-03-25,
600,147,"","$15,000.00","$3,749.88",47,2021-07-03,
811,277,"","$15,000.00","$5,351.23",51,2021-03-10,
794,977,"","$15,000.00","$1,819.26",58,2021-04-15,
891,976,"","$15,000.00","$9,815.43",5,2021-06-29,
751,550,"","$15,000.00",$853.86,20,2021-06-11,
535,917,"","$15,000.00","$3,181.36",8,2021-04-26,
635,430,"","$15,000.00","$3,875.94",30,2021-01-02,
705,61,"","$15,000.00",$994.44,50,2021-05-04,
649,675,"","$15,000.00","$7,402.03",24,2021-05-17,
680,417,"","$15,000.00","$6,796.94",17,2021-05-31,
814,884,"","$15,000.00","$2,401.54",20,2021-07-07,
892,859,"","$15,000.00","$3,173.91",42,2021-04-08,
673,534,"","$15,000.00","$1,223.66",45,2021-06-06,
636,903,"","$15,000.00","$8,309.07",46,2021-05-28,
528,979,"","$15,000.00","$6,308.94",24,2021-07-15,
743,332,"","$15,000.00","$7,753.79",15,2021-03-21,
805,379,"","$15,000.00","$9,230.22",40,2021-02-03,
739,778,"","$15,000.00","$3,114.75",40,2021-06-14,
564,882,"","$15,000.00","$7,392.01",22,2021-04-11,
665,321,"","$15,000.00","$8,663.58",19,2021-04-19,
626,424,"","$15,000.00","$4,141.86",24,2021-05-03,
561,979,"","$15,000.00","$6,325.70",61,2021-05-20,
658,584,"","$15,000.00","$1,790.32",39,2021-03-03,
639,562,"","$15,000.00",$523.70,48,2021-07-28,
803,98,"","$15,000.00",$501.03,55,2021-07-18,
730,137,"","$15,000.00",$770.50,51,2021-05-16,
664,56,"","$15,000.00","$8,489.44",55,2021-03-03,
909,958,"","$15,000.00","$4,453.43",20,2021-05-28,
912,548,"","$15,000.00","$2,115.11",55,2021-01-15,
940,931,"","$15,000.00","$8,911.09",62,2021-06-23,
925,235,"","$15,000.00","$3,866.45",61,2021-05-29,
915,634,"","$15,000.00","$2,304.98",48,2021-01-08,
930,657,"","$15,000.00","$4,130.86",36,2021-01-23,
938,59,"","$15,000.00","$1,067.10",50,2021-03-21,
908,8,"","$15,000.00","$8,407.65",19,2021-06-02,
928,224,"","$15,000.00","$3,420.32",33,2021-04-29,
934,144,"","$15,000.00","$5,060.59",13,2021-04-17,
932,843,"","$15,000.00","$2,590.99",34,2021-02-09,
939,100,"","$15,000.00","$3,411.46",9,2021-06-28,
914,461,"","$15,000.00",$74.78,32,2021-05-04,
913,441,"","$15,000.00","$9,352.00",52,2021-02-14,
933,391,"","$15,000.00","$7,443.61",10,2021-06-06,
936,326,"","$15,000.00","$1,129.95",36,2021-07-28,
923,645,"","$15,000.00","$6,377.57",15,2021-03-25,
921,389,"","$15,000.00","$2,012.01",24,2021-07-06,
922,187,"","$15,000.00","$5,555.21",20,2021-01-19,
22,691,"","$15,000.00","$3,299.64",27,2021-03-09,
24,957,"","$15,000.00","$6,896.18",8,2021-05-06,
11,622,"","$29,779.21","$1,832.68",39,2021-01-25,
25,133,"","$48,093.80","$2,317.95",7,2021-04-29,
2,73,"","$27,339.95","$8,145.34",30,2021-06-05,
23,730,"","$33,399.05","$2,574.48",37,2021-04-15,
12,810,"","$37,706.31","$1,824.86",41,2021-04-19,
19,300,"","$43,760.54","$5,619.26",42,2021-06-20,
21,352,"","$19,044.91","$4,152.35",25,2021-07-20,
15,359,"","$30,087.25","$1,474.76",44,2021-04-22,
3,910,"","$48,223.89","$3,864.52",59,2021-02-11,
28,860,"","$30,302.59","$5,997.88",52,2021-03-25,
16,633,"","$45,888.95","$4,441.37",18,2021-05-24,
27,56,"","$38,901.50",$518.84,55,2021-03-17,
8,367,"","$49,812.68","$4,541.03",13,2021-03-06,
7,339,"","$42,153.80","$1,423.04",5,2021-02-21,
4,176,"","$42,252.66","$2,691.73",11,2021-01-02,
1,143,"","$48,324.17","$2,429.95",52,2021-05-21,
6,424,"","$15,000.00","$6,274.28",31,2021-05-09,
17,682,"","$15,000.00","$6,839.75",13,2021-01-29,
18,397,"","$46,681.36","$3,152.29",58,2021-04-03,
9,244,"","$24,019.39","$9,144.87",17,2021-05-20,
10,535,"","$23,757.47","$7,016.19",18,2021-01-20,
29,4,"","$15,000.00","$8,216.32",6,2021-04-19,
13,245,"","$19,334.18","$7,447.55",23,2021-07-28,
26,410,"","$45,428.57","$1,405.41",38,2021-01-28,
20,811,"","$44,505.17","$9,401.79",15,2021-07-25,
31,43,"","$25,069.91","$9,292.74",27,2021-03-01,
5,31,"","$23,429.40","$1,213.13",7,2021-04-28,
30,253,"","$23,911.35","$5,585.99",60,2021-02-09,
14,772,"","$45,901.77","$4,547.74",34,2021-06-01,
48,989,"","$42,199.26","$8,183.77",60,2021-06-22,
44,614,"","$39,771.70",$758.89,23,2021-01-28,
32,804,"","$16,547.57","$2,994.36",45,2021-02-19,
34,580,"","$17,844.18","$3,667.80",34,2021-07-09,
40,803,"","$45,566.41","$9,913.19",37,2021-05-16,
49,291,"","$43,235.06",$466.22,56,2021-06-04,
63,439,"","$19,530.50","$2,997.63",7,2021-05-05,
37,36,"","$15,000.00","$3,730.85",14,2021-06-02,
59,248,"","$41,701.61",$703.98,49,2021-01-09,
52,236,"","$25,858.07","$4,634.18",49,2021-03-30,
43,247,"","$35,811.06","$4,710.15",46,2021-03-20,
46,779,"","$47,915.73","$7,651.86",55,2021-05-02,
39,843,"","$15,000.00","$1,763.33",50,2021-05-30,
42,382,"","$18,036.01","$6,569.02",48,2021-06-13,
53,716,"","$15,000.00","$5,050.70",61,2021-04-23,
60,393,"","$15,000.00","$7,550.14",27,2021-02-04,
33,360,"","$35,561.23","$9,266.21",21,2021-06-25,
67,309,"","$43,078.42","$1,333.08",13,2021-02-25,
36,982,"","$29,404.46","$9,852.07",16,2021-04-21,
54,134,"","$15,000.00","$4,786.44",20,2021-07-13,
55,241,"","$39,630.31",$770.17,61,2021-01-06,
35,702,"","$42,196.56","$1,373.43",39,2021-01-14,
38,543,"","$15,027.74","$1,593.51",22,2021-06-18,
68,527,"","$39,487.28","$9,441.08",50,2021-04-29,
65,50,"","$20,228.51","$5,695.75",55,2021-07-11,
57,295,"","$15,000.00","$2,221.39",57,2021-07-19,
50,109,"","$15,000.00","$5,320.94",10,2021-04-03,
47,139,"","$33,649.21","$9,834.00",47,2021-03-17,
61,225,"","$48,214.86","$6,860.42",26,2021-06-10,
64,732,"","$37,479.77","$7,610.92",38,2021-07-25,
56,393,"","$15,000.00","$7,547.49",42,2021-06-26,
45,705,"","$33,558.43","$4,736.80",7,2021-03-26,
41,558,"","$15,000.00","$7,243.09",38,2021-06-13,
62,358,"","$46,572.82","$5,701.42",32,2021-07-19,
51,530,"","$34,025.78","$1,169.43",35,2021-07-25,
58,937,"","$38,602.20","$1,913.75",42,2021-03-26,
66,587,"","$15,000.00","$9,744.03",58,2021-04-18,
84,62,"","$15,000.00","$8,669.57",50,2021-05-04,
86,471,"","$18,716.11","$6,792.80",62,2021-03-12,
88,635,"","$31,357.67",$688.50,15,2021-03-12,
81,375,"","$46,708.32","$6,852.69",29,2021-06-25,
71,626,"","$34,597.59","$5,026.76",35,2021-04-15,
80,810,"","$15,000.00","$4,496.45",11,2021-04-14,
70,715,"","$22,135.13","$5,981.37",20,2021-07-12,
74,669,"","$47,275.31","$4,789.96",22,2021-04-24,
101,307,"","$15,000.00",$681.42,10,2021-06-20,
90,529,"","$41,811.83","$5,908.25",53,2021-01-18,
69,667,"","$15,000.00","$2,106.37",50,2021-07-18,
96,63,"","$22,385.84","$1,852.07",44,2021-06-01,
85,707,"","$38,110.05","$9,915.15",52,2021-02-26,
98,412,"","$15,000.00","$1,422.88",37,2021-07-31,
82,338,"","$18,599.94","$9,993.79",5,2021-01-08,
79,209,"","$29,221.19",$581.04,52,2021-05-18,
99,964,"","$44,892.21","$4,354.94",14,2021-05-11,
87,613,"","$15,000.00","$5,069.33",28,2021-03-13,
91,730,"","$15,000.00","$9,464.98",62,2021-05-02,
73,197,"","$24,342.32","$1,312.40",8,2021-02-11,
72,287,"","$48,369.41","$2,153.00",5,2021-05-31,
75,16,"","$31,646.23","$2,005.46",59,2021-07-19,
102,202,"","$26,180.54","$7,533.95",24,2021-07-25,
76,621,"","$15,000.00","$8,493.83",23,2021-05-24,
93,91,"","$40,078.33","$6,441.86",56,2021-02-11,
97,755,"","$15,000.00",$882.02,11,2021-05-16,
89,456,"","$36,209.13","$7,789.98",38,2021-05-20,
103,826,"","$15,000.00","$5,507.70",16,2021-07-13,
83,211,"","$16,420.57","$6,011.88",48,2021-07-29,
95,457,"","$15,000.00","$5,720.95",33,2021-04-10,
77,830,"","$30,142.06",$103.45,50,2021-03-04,
100,250,"","$23,395.64",$869.60,10,2021-02-25,
94,980,"","$24,082.83","$6,257.38",35,2021-01-03,
78,652,"","$15,000.00","$9,690.78",7,2021-06-10,
92,893,"","$15,000.00",$227.64,51,2021-05-21,
964,40,"","$20,941.94","$5,288.28",56,2021-07-03,
957,182,"","$15,000.00","$3,788.66",28,2021-03-27,
959,448,"","$47,553.03",$716.55,20,2021-06-24,
963,97,"","$37,733.39","$8,999.27",36,2021-06-17,
972,538,"","$20,928.09","$2,504.21",29,2021-01-23,
980,326,"","$35,468.24","$5,257.56",24,2021-03-28,
991,462,"","$25,317.48","$9,791.13",22,2021-01-07,
951,807,"","$15,000.00","$8,587.46",21,2021-02-08,
1000,341,"","$48,767.72","$4,142.20",14,2021-03-10,
987,944,"","$43,412.60","$5,280.28",62,2021-07-12,
995,671,"","$42,414.11","$7,100.09",6,2021-07-13,
969,249,"","$32,072.09","$1,459.43",48,2021-05-04,
974,927,"","$31,202.53",$287.07,44,2021-06-18,
982,311,"","$19,471.58","$5,101.32",32,2021-04-29,
994,833,"","$15,000.00","$1,781.83",11,2021-01-15,
953,96,"","$33,040.60","$6,325.90",10,2021-05-14,
971,597,"","$37,661.88","$4,756.68",59,2021-03-01,
948,4,"","$15,000.00","$3,079.11",42,2021-03-26,
944,633,"","$28,416.38","$9,271.48",51,2021-02-13,
945,243,"","$17,934.86","$5,747.45",11,2021-06-28,
993,565,"","$49,821.86","$7,905.33",57,2021-03-10,
990,649,"","$23,967.26","$5,823.11",32,2021-01-20,
961,180,"","$19,968.45","$2,445.61",51,2021-02-25,
965,707,"","$15,000.00","$3,651.57",40,2021-06-14,
966,826,"","$15,000.00","$2,866.30",27,2021-01-28,
976,659,"","$35,492.17","$9,899.34",39,2021-07-06,
984,555,"","$15,000.00","$4,974.93",11,2021-07-04,
973,563,"","$38,478.43","$2,477.93",40,2021-07-28,
996,548,"","$42,822.28","$3,396.38",36,2021-01-03,
960,790,"","$37,417.70","$2,198.69",53,2021-05-10,
977,575,"","$30,242.63","$3,531.60",26,2021-07-14,
985,354,"","$24,284.78","$4,040.20",53,2021-04-27,
968,35,"","$33,176.86",$62.19,10,2021-03-20,
989,41,"","$36,099.02","$5,341.91",25,2021-04-02,
975,597,"","$30,497.56","$6,370.49",53,2021-07-24,
949,143,"","$19,049.00","$4,770.39",14,2021-04-15,
962,440,"","$25,329.05","$5,187.09",57,2021-03-31,
988,211,"","$15,000.00","$6,146.84",17,2021-05-08,
986,555,"","$49,876.72","$4,432.11",46,2021-07-23,
983,34,"","$45,580.79","$4,528.33",6,2021-02-05,
950,359,"","$24,177.33","$2,557.05",45,2021-05-27,
998,7,"","$15,000.00","$5,617.61",24,2021-03-25,
956,708,"","$27,044.48","$9,432.15",40,2021-02-28,
967,935,"","$22,998.72","$5,475.94",15,2021-02-03,
978,388,"","$49,193.23","$7,338.44",24,2021-06-17,
946,463,"","$47,964.16","$1,824.96",34,2021-04-18,
999,734,"","$15,000.00","$6,001.06",15,2021-05-17,
997,366,"","$22,350.22","$7,873.38",21,2021-05-18,
981,517,"","$30,149.56","$1,375.49",60,2021-03-30,
958,960,"","$15,000.00",$895.30,62,2021-07-15,
954,543,"","$15,000.00","$4,532.20",6,2021-02-27,
970,103,"","$15,000.00",$324.35,60,2021-02-23,
947,799,"","$46,643.24","$8,197.29",34,2021-03-16,
979,521,"","$34,384.19","$2,367.48",24,2021-05-21,
952,723,"","$19,017.35","$8,641.91",56,2021-07-30,
955,251,"","$15,000.00","$3,454.72",28,2021-05-14,
992,814,"","$15,000.00","$1,546.34",54,2021-03-08,
